Id,rating,classLable
10050964,3.7,-1.0
10100850,6.29,1.0
10101732,6.25,1.0
10122076,6.67,1.0
10134219,6.08,1.0
10134470,6.5,1.0
10140933,6.31,1.0
10141124,6.17,1.0
10141328,6.24,1.0
10143714,6.0,1.0
10145752,6.23,1.0
10146132,6.33,1.0
10151395,6.69,1.0
10155112,6.12,1.0
10158295,6.02,1.0
10160354,6.46,1.0
10161611,6.38,1.0
10162104,6.32,1.0
10162158,6.58,1.0
10168195,6.37,1.0
10175617,6.06,1.0
10178658,3.4,-1.0
10186032,6.2,1.0
10194216,6.33,1.0
10197702,6.02,1.0
10201775,6.33,1.0
10202331,6.28,1.0
10206210,6.5,1.0
10207032,6.38,1.0
10208988,6.23,1.0
10220574,6.25,1.0
10222355,6.46,1.0
10228919,6.28,1.0
10239531,6.08,1.0
10242971,6.52,1.0
10247230,6.08,1.0
10256012,6.4,1.0
10266373,6.04,1.0
10274952,6.33,1.0
10304110,6.37,1.0
10305652,6.54,1.0
10305866,6.27,1.0
10308306,6.5,1.0
10310528,3.75,-1.0
10314314,6.5,1.0
10323070,3.92,-1.0
10333450,6.5,1.0
10338284,6.12,1.0
10360793,6.35,1.0
10362631,6.33,1.0
10363376,6.25,1.0
10363692,6.52,1.0
10372431,6.22,1.0
10376310,6.31,1.0
10385173,6.3,1.0
10388750,6.47,1.0
10390870,6.01,1.0
10397700,6.28,1.0
10410604,6.07,1.0
10421731,6.45,1.0
10442095,6.34,1.0
10447591,6.55,1.0
10450171,6.22,1.0
10452355,6.33,1.0
10453452,6.33,1.0
10459703,6.47,1.0
10459996,6.24,1.0
10460316,6.3,1.0
10460391,6.33,1.0
10466451,4.18,-1.0
10473772,6.41,1.0
10480267,4.21,-1.0
10480630,6.34,1.0
10482946,6.39,1.0
10488744,6.19,1.0
10493751,6.48,1.0
10497911,6.35,1.0
10499092,4.29,-1.0
10502791,6.42,1.0
10507464,6.34,1.0
10511660,6.1,1.0
10517941,6.0,1.0
10523192,6.34,1.0
10527918,6.27,1.0
10530980,4.0,-1.0
10530988,3.9,-1.0
10538811,6.3,1.0
10541614,6.29,1.0
10545652,6.31,1.0
10547167,6.29,1.0
10549998,6.42,1.0
10551417,6.29,1.0
10553670,6.05,1.0
10554811,6.38,1.0
10555725,6.26,1.0
10566830,6.45,1.0
10566912,6.39,1.0
10574081,6.04,1.0
10574152,6.32,1.0
10576810,6.18,1.0
10580410,6.41,1.0
10606450,6.0,1.0
10607870,6.26,1.0
10609450,6.14,1.0
10609990,6.29,1.0
10610021,6.35,1.0
10610597,6.27,1.0
10619618,6.2,1.0
10619810,6.5,1.0
10623626,4.0,-1.0
10623970,6.3,1.0
10624650,6.33,1.0
10636776,6.45,1.0
10642490,6.37,1.0
10645192,6.25,1.0
10645392,6.12,1.0
10652371,6.73,1.0
10669553,6.58,1.0
10671534,6.3,1.0
10671728,6.0,1.0
10675172,6.31,1.0
10679550,4.0,-1.0
10686351,6.14,1.0
10688116,6.25,1.0
10692546,6.04,1.0
10692591,6.31,1.0
10704176,6.17,1.0
10706439,6.36,1.0
10712110,4.13,-1.0
10712116,4.29,-1.0
10712122,4.2,-1.0
10712175,3.86,-1.0
10713612,6.25,1.0
10719923,6.47,1.0
10722271,6.3,1.0
10722530,6.39,1.0
10724591,6.4,1.0
10728531,6.08,1.0
10728534,6.04,1.0
10735430,6.12,1.0
10735691,6.15,1.0
10736600,6.05,1.0
10737308,6.38,1.0
10737370,6.38,1.0
10739490,6.28,1.0
10753490,6.53,1.0
10754270,6.25,1.0
10780330,6.24,1.0
10785112,6.27,1.0
10801771,6.5,1.0
10804055,6.09,1.0
10805671,6.04,1.0
10815454,6.33,1.0
10816070,6.38,1.0
10818572,6.04,1.0
10819331,6.26,1.0
10820952,6.4,1.0
10821254,6.0,1.0
10830634,6.1,1.0
10838712,6.44,1.0
10838730,6.29,1.0
10839321,6.4,1.0
10852533,6.27,1.0
10855115,3.86,-1.0
10859473,6.71,1.0
10862715,6.25,1.0
10875156,6.05,1.0
10876334,6.45,1.0
10881810,6.39,1.0
10882873,6.27,1.0
10883230,6.27,1.0
10887038,6.32,1.0
10889190,6.38,1.0
10889875,6.38,1.0
10891229,4.17,-1.0
10892290,6.25,1.0
10892665,6.0,1.0
10898314,6.16,1.0
10898527,6.31,1.0
10902504,6.4,1.0
10910832,6.41,1.0
10914191,6.45,1.0
10916214,6.06,1.0
10919970,6.3,1.0
10942032,4.14,-1.0
10944639,6.0,1.0
10962562,6.53,1.0
10964033,6.53,1.0
10965004,6.0,1.0
10969199,6.08,1.0
10970805,6.33,1.0
10970864,6.52,1.0
10979270,6.23,1.0
10982617,6.27,1.0
10986498,6.24,1.0
10986771,6.24,1.0
10987880,6.27,1.0
10988271,3.89,-1.0
10988432,4.14,-1.0
10995188,6.53,1.0
10997512,6.2,1.0
10997690,6.24,1.0
10999326,6.41,1.0
10999813,6.68,1.0
10999894,6.38,1.0
11010930,6.53,1.0
11021511,6.27,1.0
11023971,6.34,1.0
11024531,6.38,1.0
11024916,4.17,-1.0
11031217,6.46,1.0
11034190,6.46,1.0
11034273,6.3,1.0
11045836,6.17,1.0
11048994,6.29,1.0
11050611,6.25,1.0
11051535,6.41,1.0
11051952,6.25,1.0
11060190,6.56,1.0
11064229,6.47,1.0
11069504,4.0,-1.0
11080336,6.24,1.0
11082290,6.04,1.0
11085110,6.25,1.0
11087331,6.28,1.0
11089752,6.24,1.0
11091192,6.27,1.0
11092177,4.25,-1.0
11092352,6.68,1.0
11092370,6.68,1.0
11094271,6.29,1.0
11097170,6.34,1.0
11098601,6.15,1.0
11098651,6.25,1.0
11101170,6.6,1.0
11103089,6.56,1.0
11103196,6.46,1.0
11104055,6.25,1.0
11104377,6.44,1.0
11104391,6.42,1.0
11107972,6.5,1.0
11109952,6.3,1.0
11112013,6.25,1.0
11113296,6.0,1.0
11113578,6.43,1.0
11115810,6.38,1.0
11115930,6.25,1.0
11121504,4.2,-1.0
11125858,6.0,1.0
11128692,6.5,1.0
11132350,6.44,1.0
11133613,6.25,1.0
11134217,6.4,1.0
11137106,6.28,1.0
11140972,6.3,1.0
11143275,6.36,1.0
11148710,3.75,-1.0
11148716,4.0,-1.0
11148722,3.63,-1.0
11148723,4.0,-1.0
11148724,4.18,-1.0
11148832,4.22,-1.0
11148835,3.71,-1.0
11148837,4.0,-1.0
11148838,3.17,-1.0
11148839,3.63,-1.0
11148845,3.79,-1.0
11148849,4.2,-1.0
11148993,3.64,-1.0
11148997,4.22,-1.0
11148998,3.67,-1.0
11148999,3.63,-1.0
11149001,4.29,-1.0
11149002,3.8,-1.0
11149214,6.14,1.0
11149292,3.75,-1.0
11154398,6.05,1.0
11155094,6.31,1.0
11156823,6.35,1.0
11157256,6.24,1.0
11161272,3.5,-1.0
11161274,4.17,-1.0
11161275,4.0,-1.0
11161298,3.88,-1.0
11161446,4.2,-1.0
11161449,3.89,-1.0
11161452,3.67,-1.0
11161455,4.14,-1.0
11161463,3.75,-1.0
11161773,6.32,1.0
11162131,3.78,-1.0
11162135,3.54,-1.0
11162137,4.0,-1.0
11162141,3.36,-1.0
11162145,3.9,-1.0
11162147,3.64,-1.0
11162148,3.23,-1.0
11162150,4.0,-1.0
11162156,4.09,-1.0
11162162,3.75,-1.0
11162168,4.0,-1.0
11162174,4.11,-1.0
11162175,4.17,-1.0
11162421,3.43,-1.0
11162424,3.83,-1.0
11162435,3.42,-1.0
11162446,3.89,-1.0
11162457,3.55,-1.0
11162469,4.23,-1.0
11166958,3.63,-1.0
11166962,4.0,-1.0
11166963,4.11,-1.0
11170233,3.82,-1.0
11170234,3.88,-1.0
11170239,3.88,-1.0
11170280,3.5,-1.0
11170293,3.44,-1.0
11170295,3.88,-1.0
11170642,3.78,-1.0
11181519,3.63,-1.0
11193151,6.24,1.0
11193851,6.27,1.0
11193960,3.5,-1.0
11194004,3.78,-1.0
11194016,3.14,-1.0
11194030,3.56,-1.0
11194079,3.64,-1.0
11194085,3.89,-1.0
11194086,3.86,-1.0
11194089,3.83,-1.0
11194103,3.6,-1.0
11194109,3.56,-1.0
11194114,3.83,-1.0
11194119,3.73,-1.0
11194120,3.55,-1.0
11194127,3.91,-1.0
11194129,3.9,-1.0
11194154,4.29,-1.0
11194156,3.67,-1.0
11194159,4.0,-1.0
11194162,4.0,-1.0
11194164,4.11,-1.0
11194168,3.75,-1.0
11194174,4.23,-1.0
11194176,3.75,-1.0
11194178,4.0,-1.0
11195987,6.08,1.0
11210593,4.0,-1.0
11213058,6.39,1.0
11214930,6.0,1.0
11214933,6.19,1.0
11220191,6.4,1.0
11238654,6.04,1.0
11252992,6.44,1.0
11254450,3.7,-1.0
11263370,6.3,1.0
11287250,6.0,1.0
11287652,6.38,1.0
11289215,6.1,1.0
11289661,6.42,1.0
11294337,6.52,1.0
11296017,6.33,1.0
11300294,4.14,-1.0
11309470,6.5,1.0
11322411,6.0,1.0
11330570,6.46,1.0
11330950,6.19,1.0
11337355,3.62,-1.0
11344136,6.33,1.0
11345592,6.47,1.0
11346151,6.31,1.0
11346330,6.37,1.0
11346450,4.18,-1.0
11346474,6.3,1.0
11349150,4.29,-1.0
11349688,6.29,1.0
11352941,3.78,-1.0
11355275,6.17,1.0
11368392,6.24,1.0
11377051,6.27,1.0
11378381,6.27,1.0
11382870,6.5,1.0
11389530,6.25,1.0
11390111,6.35,1.0
11390853,6.36,1.0
11397331,6.36,1.0
11415330,6.42,1.0
11417570,6.11,1.0
11418150,6.44,1.0
11420230,6.25,1.0
11442352,6.13,1.0
11443750,4.0,-1.0
11446840,6.19,1.0
11475931,6.27,1.0
11480950,6.07,1.0
11483470,6.28,1.0
11486157,4.0,-1.0
11486161,4.0,-1.0
11487290,6.33,1.0
11489550,6.27,1.0
11493991,6.35,1.0
11505611,6.05,1.0
11505959,6.38,1.0
11511011,6.37,1.0
11513093,4.25,-1.0
11525659,4.13,-1.0
11531798,6.36,1.0
11551130,6.29,1.0
11556515,6.05,1.0
11567992,6.31,1.0
11609896,3.78,-1.0
11616071,6.28,1.0
11616630,6.24,1.0
11642961,6.51,1.0
11707157,6.09,1.0
11719790,6.64,1.0
11727851,4.29,-1.0
11761290,6.07,1.0
11768911,4.0,-1.0
11771645,3.88,-1.0
11810052,6.11,1.0
11813730,4.27,-1.0
11813731,4.29,-1.0
11815547,3.73,-1.0
11815576,3.8,-1.0
11815598,3.63,-1.0
11840859,3.57,-1.0
11840864,3.88,-1.0
11844782,4.0,-1.0
11878541,4.0,-1.0
11888714,4.0,-1.0
11898932,4.14,-1.0
11898992,4.17,-1.0
11924875,4.2,-1.0
11929930,6.24,1.0
11949890,6.0,1.0
11951098,3.55,-1.0
11952135,3.78,-1.0
11952259,4.09,-1.0
11952710,6.3,1.0
11986778,6.77,1.0
11989670,6.29,1.0
11992794,6.18,1.0
11998414,4.11,-1.0
12001394,3.67,-1.0
12010229,6.28,1.0
12011317,6.54,1.0
12014270,6.28,1.0
12015541,3.6,-1.0
12015657,6.06,1.0
12015811,6.26,1.0
12028155,3.83,-1.0
12034693,3.71,-1.0
12034700,4.14,-1.0
12035362,4.11,-1.0
12037812,4.14,-1.0
12038115,4.13,-1.0
12038434,4.0,-1.0
12038470,3.9,-1.0
12039592,6.57,1.0
12045591,3.57,-1.0
12046284,4.14,-1.0
12046287,4.14,-1.0
12048252,6.34,1.0
12051410,6.0,1.0
12052850,6.09,1.0
12057271,6.12,1.0
12058350,6.09,1.0
12062437,6.13,1.0
12062735,6.27,1.0
12065951,6.04,1.0
12066914,6.0,1.0
12067029,6.07,1.0
12067091,6.17,1.0
12067193,6.51,1.0
12068379,6.13,1.0
12091196,4.27,-1.0
12095070,6.21,1.0
12095090,6.16,1.0
12095092,6.09,1.0
12105930,3.92,-1.0
12106694,6.0,1.0
12116574,6.2,1.0
12116672,4.09,-1.0
12117013,6.25,1.0
12124452,4.3,-1.0
12130450,3.2,-1.0
12131132,6.05,1.0
12132390,3.88,-1.0
12133010,4.22,-1.0
12133430,6.19,1.0
12135093,6.03,1.0
12140613,4.0,-1.0
12142513,3.82,-1.0
12143770,3.67,-1.0
12149770,4.0,-1.0
12151972,6.2,1.0
12152856,4.0,-1.0
12155258,4.17,-1.0
12155266,4.0,-1.0
12159212,4.0,-1.0
12161811,6.24,1.0
12166873,3.92,-1.0
12171472,6.0,1.0
12175970,3.71,-1.0
12183577,4.18,-1.0
12191800,4.1,-1.0
12192505,6.07,1.0
12200470,6.25,1.0
12207890,6.14,1.0
12209410,6.18,1.0
12213253,3.86,-1.0
12218590,6.12,1.0
12223234,4.29,-1.0
12224795,3.67,-1.0
12224806,3.62,-1.0
12227010,6.1,1.0
12227694,4.0,-1.0
12227695,3.5,-1.0
12228951,6.03,1.0
12232695,3.56,-1.0
12237549,3.78,-1.0
12238890,4.0,-1.0
12238970,4.13,-1.0
12239040,3.89,-1.0
12239047,3.71,-1.0
12239095,3.75,-1.0
12239170,3.86,-1.0
12239175,4.0,-1.0
12239176,4.22,-1.0
12239190,4.0,-1.0
12241892,6.0,1.0
12248830,6.0,1.0
12248910,4.0,-1.0
12264270,6.35,1.0
12265651,6.36,1.0
12266110,6.39,1.0
12269270,4.2,-1.0
12276212,6.36,1.0
12288150,6.41,1.0
12291290,6.0,1.0
12292430,4.0,-1.0
12294710,3.6,-1.0
12296333,3.8,-1.0
12326192,4.1,-1.0
12326413,4.0,-1.0
12331654,6.48,1.0
12332152,6.0,1.0
12336953,6.04,1.0
12337393,6.0,1.0
12342952,4.0,-1.0
12342972,4.0,-1.0
12349062,4.09,-1.0
12349063,4.11,-1.0
12349066,3.58,-1.0
12349067,3.67,-1.0
12349068,3.67,-1.0
12349070,3.8,-1.0
12349072,3.67,-1.0
12349077,4.29,-1.0
12349082,3.6,-1.0
12349912,4.0,-1.0
12359072,6.09,1.0
12360492,6.14,1.0
12367739,4.2,-1.0
12367770,4.2,-1.0
12367775,3.6,-1.0
12367784,3.82,-1.0
12367944,3.43,-1.0
12367946,4.0,-1.0
12367995,3.86,-1.0
12367996,3.4,-1.0
12368002,3.33,-1.0
12368004,3.71,-1.0
12387375,6.0,1.0
12388272,6.2,1.0
12388714,3.44,-1.0
12388801,3.6,-1.0
12388852,3.14,-1.0
12397892,6.0,1.0
12401232,6.05,1.0
12401955,3.43,-1.0
12401997,3.38,-1.0
12402070,3.29,-1.0
12409773,3.88,-1.0
12415416,6.36,1.0
12423353,6.56,1.0
12423612,6.09,1.0
12436652,6.0,1.0
12440472,4.0,-1.0
12447832,6.5,1.0
12457953,6.04,1.0
12458172,6.77,1.0
12461212,3.8,-1.0
12468572,4.17,-1.0
12474632,6.15,1.0
12483272,6.1,1.0
12486432,6.09,1.0
12494312,6.11,1.0
12502913,6.0,1.0
12502914,6.0,1.0
12502993,6.0,1.0
12509404,3.71,-1.0
12510792,6.0,1.0
12516252,6.61,1.0
12522692,4.2,-1.0
12537933,4.27,-1.0
12548033,4.22,-1.0
12550892,6.4,1.0
12553173,6.07,1.0
12558652,6.28,1.0
12561870,4.17,-1.0
12577752,4.22,-1.0
12577833,4.09,-1.0
12588453,6.51,1.0
12602692,6.05,1.0
12626412,6.52,1.0
12630913,6.0,1.0
12640193,6.06,1.0
12640195,6.0,1.0
12644112,6.13,1.0
12647472,6.51,1.0
12648863,6.0,1.0
12658312,6.33,1.0
12661472,6.43,1.0
12675312,3.88,-1.0
12685133,6.54,1.0
12697613,6.06,1.0
12707572,6.05,1.0
12708372,6.17,1.0
12708994,3.67,-1.0
12711912,4.29,-1.0
12717760,4.09,-1.0
12719894,6.08,1.0
12720392,6.0,1.0
12722054,6.08,1.0
12724593,4.2,-1.0
12740874,6.27,1.0
12756240,4.2,-1.0
12757097,6.24,1.0
12769173,3.83,-1.0
12774873,3.67,-1.0
12781332,4.29,-1.0
12789054,6.07,1.0
12790432,3.75,-1.0
12790604,6.0,1.0
12792797,6.02,1.0
12794275,3.83,-1.0
12794287,4.22,-1.0
12798037,6.0,1.0
12800952,4.1,-1.0
12802360,6.19,1.0
12805353,6.4,1.0
12805621,6.6,1.0
12806792,6.04,1.0
12810272,3.83,-1.0
12810632,6.0,1.0
12811455,6.06,1.0
12811715,4.25,-1.0
12812158,3.89,-1.0
12812728,6.0,1.0
12813374,6.07,1.0
12818932,6.55,1.0
12819280,4.0,-1.0
12827893,3.89,-1.0
12834142,6.0,1.0
12834903,6.22,1.0
12845417,6.0,1.0
12864652,3.67,-1.0
12866612,6.09,1.0
12874547,6.06,1.0
12878744,6.71,1.0
12886897,4.0,-1.0
12895486,4.0,-1.0
12902996,4.29,-1.0
12903592,4.25,-1.0
12904034,6.04,1.0
12908652,6.06,1.0
12911290,4.22,-1.0
12924194,6.0,1.0
12924352,6.22,1.0
12924712,4.1,-1.0
12924783,3.89,-1.0
12924784,3.91,-1.0
12929193,6.42,1.0
12930598,4.14,-1.0
12936052,4.25,-1.0
12937313,3.89,-1.0
12944193,4.14,-1.0
12947553,4.29,-1.0
12950812,4.2,-1.0
12958483,4.3,-1.0
12958618,3.67,-1.0
12962226,4.29,-1.0
12962394,4.19,-1.0
12962537,3.71,-1.0
12965205,4.3,-1.0
12970415,6.41,1.0
12972965,6.4,1.0
12973472,6.09,1.0
12973892,6.09,1.0
12976014,4.08,-1.0
12977732,6.18,1.0
12977912,6.0,1.0
12977932,6.43,1.0
12979976,3.89,-1.0
12983053,6.23,1.0
12986292,6.21,1.0
12988952,3.88,-1.0
12991783,6.07,1.0
12996155,3.89,-1.0
12996157,4.14,-1.0
13002392,6.44,1.0
13005574,4.14,-1.0
13006292,4.27,-1.0
13014301,6.25,1.0
13014894,6.13,1.0
13018338,6.18,1.0
13019246,4.0,-1.0
13021817,6.05,1.0
13021932,6.38,1.0
13029036,4.1,-1.0
13041267,6.13,1.0
13042012,6.35,1.0
13044335,4.0,-1.0
13061031,6.47,1.0
13069492,4.29,-1.0
13072896,6.3,1.0
13081464,6.36,1.0
13083321,6.23,1.0
13089375,4.11,-1.0
13092412,3.82,-1.0
13096022,4.13,-1.0
13099673,4.21,-1.0
13102497,4.25,-1.0
13104583,4.1,-1.0
13106278,4.17,-1.0
13116772,6.07,1.0
13128953,6.17,1.0
13131152,3.43,-1.0
13131693,3.67,-1.0
13133776,6.18,1.0
13140032,6.17,1.0
13147432,4.0,-1.0
13148294,6.17,1.0
13158336,6.13,1.0
13163712,6.04,1.0
13169872,3.8,-1.0
13193493,6.0,1.0
13212092,6.02,1.0
13214972,4.0,-1.0
13215012,4.29,-1.0
13222832,3.83,-1.0
13236244,3.75,-1.0
13237212,4.0,-1.0
13247996,3.86,-1.0
13273872,6.0,1.0
13275957,4.13,-1.0
13309952,6.15,1.0
13311192,6.23,1.0
13326192,3.94,-1.0
13326632,6.05,1.0
13331732,6.0,1.0
13338019,4.1,-1.0
13338024,4.08,-1.0
13339812,3.5,-1.0
13355834,4.0,-1.0
13355835,4.0,-1.0
13360154,3.9,-1.0
13360453,4.0,-1.0
13366903,3.89,-1.0
13382152,6.14,1.0
13386373,4.25,-1.0
13393712,6.07,1.0
13402432,4.3,-1.0
13402452,4.25,-1.0
13402492,4.27,-1.0
13409332,4.09,-1.0
13409364,3.86,-1.0
13437532,6.38,1.0
13439832,4.22,-1.0
13445132,4.27,-1.0
13478352,6.1,1.0
13483272,3.5,-1.0
13483312,4.23,-1.0
13489192,6.05,1.0
13489273,4.14,-1.0
13500374,4.25,-1.0
13505055,3.55,-1.0
13507274,4.27,-1.0
13518312,6.09,1.0
13541713,4.0,-1.0
13561672,6.31,1.0
13580112,4.13,-1.0
13585272,6.07,1.0
13605311,3.88,-1.0
13607815,4.0,-1.0
13610732,6.31,1.0
13643472,6.06,1.0
13651692,4.0,-1.0
13654273,6.07,1.0
13655992,4.25,-1.0
13656653,4.13,-1.0
13656672,6.03,1.0
13680954,6.07,1.0
13695832,4.0,-1.0
13695833,4.0,-1.0
13708552,4.0,-1.0
13713812,6.51,1.0
13725332,6.02,1.0
13726792,3.71,-1.0
13734952,4.0,-1.0
13746834,3.75,-1.0
13746836,4.0,-1.0
13767652,4.0,-1.0
13780575,4.27,-1.0
13809652,3.5,-1.0
13814592,4.29,-1.0
13834534,4.22,-1.0
13843732,4.25,-1.0
13864832,3.67,-1.0
13877374,4.07,-1.0
13906953,4.0,-1.0
13912313,6.02,1.0
13933254,3.9,-1.0
13951992,6.13,1.0
13960212,4.08,-1.0
13986133,4.17,-1.0
14003541,3.87,-1.0
14007955,4.17,-1.0
14009073,4.29,-1.0
14014672,4.29,-1.0
14017933,4.0,-1.0
14018992,6.0,1.0
14021572,4.22,-1.0
14023202,4.25,-1.0
14033314,4.0,-1.0
14041952,6.21,1.0
14049233,4.27,-1.0
14050434,4.29,-1.0
14051032,6.0,1.0
14051272,4.0,-1.0
14054377,4.22,-1.0
14062159,4.09,-1.0
14062498,4.17,-1.0
14067012,3.9,-1.0
14076595,4.29,-1.0
14076737,3.83,-1.0
14098454,4.29,-1.0
14098455,4.14,-1.0
14098473,4.18,-1.0
14098475,4.0,-1.0
14098477,4.13,-1.0
14117357,6.0,1.0
14120736,4.27,-1.0
14121834,6.24,1.0
14124432,3.64,-1.0
14126612,3.92,-1.0
14129196,4.0,-1.0
14137817,4.06,-1.0
14138792,4.14,-1.0
14148011,6.02,1.0
14155113,4.3,-1.0
14160912,4.17,-1.0
14161058,4.0,-1.0
14161354,4.27,-1.0
14161792,6.07,1.0
14164032,4.15,-1.0
14178912,6.13,1.0
14206252,3.93,-1.0
14217892,6.29,1.0
14219513,6.42,1.0
14219759,4.0,-1.0
14222572,4.11,-1.0
14222655,4.29,-1.0
14223732,6.09,1.0
14230909,4.08,-1.0
14233194,6.18,1.0
14235804,4.1,-1.0
14247792,4.0,-1.0
14249112,4.0,-1.0
14253832,3.91,-1.0
14283414,4.29,-1.0
14285795,4.0,-1.0
14291059,3.7,-1.0
14295007,4.11,-1.0
14297114,4.11,-1.0
14325612,3.89,-1.0
14327917,4.13,-1.0
14330913,4.3,-1.0
14333532,3.5,-1.0
14349876,4.11,-1.0
14357772,6.12,1.0
14359972,4.22,-1.0
14365995,4.09,-1.0
14370873,4.17,-1.0
14373017,4.0,-1.0
14378342,4.22,-1.0
14378343,4.2,-1.0
14380152,3.9,-1.0
14380512,3.82,-1.0
14391192,6.06,1.0
14394952,3.55,-1.0
14402155,6.0,1.0
14404699,4.14,-1.0
14407433,6.16,1.0
14419793,4.0,-1.0
14422032,6.67,1.0
14422532,6.31,1.0
14424412,6.64,1.0
14431224,6.37,1.0
14433777,4.0,-1.0
14435761,3.78,-1.0
14436832,6.33,1.0
14437279,4.29,-1.0
14443772,6.06,1.0
14443894,3.71,-1.0
14444572,3.85,-1.0
14452392,3.43,-1.0
14453653,3.73,-1.0
14456712,4.13,-1.0
14460562,4.29,-1.0
14462120,3.67,-1.0
14483014,6.22,1.0
14485141,6.04,1.0
14486676,4.3,-1.0
14495035,4.08,-1.0
14506652,4.17,-1.0
14518654,4.13,-1.0
14522132,6.46,1.0
14525412,4.13,-1.0
14526713,3.25,-1.0
14526917,4.29,-1.0
14534173,4.0,-1.0
14537534,6.07,1.0
14541713,6.34,1.0
14546553,6.0,1.0
14548392,6.1,1.0
14551997,6.16,1.0
14563694,6.24,1.0
14570312,6.09,1.0
14572576,6.15,1.0
14575192,6.0,1.0
14575854,6.09,1.0
14577352,6.11,1.0
14579632,4.14,-1.0
14583994,4.0,-1.0
14591933,6.0,1.0
14595103,3.5,-1.0
14597737,6.09,1.0
14600154,4.25,-1.0
14608455,4.0,-1.0
14611952,6.2,1.0
14625482,4.08,-1.0
14627897,3.83,-1.0
14649692,6.03,1.0
14654433,4.3,-1.0
14657614,3.83,-1.0
14660212,6.23,1.0
14669738,4.22,-1.0
14672973,4.2,-1.0
14681132,6.18,1.0
14693174,4.27,-1.0
14712753,6.19,1.0
14721972,4.25,-1.0
14723973,6.31,1.0
14724652,4.0,-1.0
14738999,4.0,-1.0
14739994,4.0,-1.0
14749652,3.25,-1.0
14752733,4.0,-1.0
14752734,4.2,-1.0
14758433,6.04,1.0
14759833,4.22,-1.0
14763235,4.27,-1.0
14764293,4.17,-1.0
14777946,4.0,-1.0
14778242,4.0,-1.0
14778267,4.0,-1.0
14778273,4.22,-1.0
14786814,3.44,-1.0
14800192,4.0,-1.0
14806695,4.17,-1.0
14812452,4.27,-1.0
14832272,6.35,1.0
14834152,4.17,-1.0
14834732,6.13,1.0
14835433,3.89,-1.0
14842072,6.22,1.0
14842784,4.22,-1.0
14842887,4.11,-1.0
14843052,3.92,-1.0
14853300,4.21,-1.0
14856373,3.92,-1.0
14864012,6.05,1.0
14874935,3.91,-1.0
14910352,4.0,-1.0
14917692,4.2,-1.0
14946644,3.71,-1.0
14948673,4.0,-1.0
14963655,3.9,-1.0
14964883,4.29,-1.0
14967112,6.53,1.0
14971054,3.78,-1.0
14995232,3.5,-1.0
15007243,3.82,-1.0
15011952,3.7,-1.0
15012040,4.1,-1.0
15018137,4.0,-1.0
15018893,4.25,-1.0
15019362,6.0,1.0
15024915,6.0,1.0
15031993,6.05,1.0
15046412,4.14,-1.0
15059733,4.3,-1.0
15089955,6.0,1.0
15105212,6.08,1.0
15106130,4.3,-1.0
15108194,3.63,-1.0
15116559,3.75,-1.0
15132952,6.36,1.0
15150012,4.27,-1.0
15164262,4.3,-1.0
15172514,4.2,-1.0
15172515,4.25,-1.0
15172987,3.71,-1.0
15172992,3.67,-1.0
15173090,3.78,-1.0
15197072,4.09,-1.0
15220473,4.0,-1.0
15226572,4.0,-1.0
15242413,3.82,-1.0
15247416,4.14,-1.0
15247492,4.09,-1.0
15247719,3.82,-1.0
15247720,3.86,-1.0
15255132,4.0,-1.0
15255833,6.32,1.0
15278432,4.17,-1.0
15316713,4.0,-1.0
15335247,3.5,-1.0
15335253,4.14,-1.0
15335257,4.09,-1.0
15364632,3.88,-1.0
15369232,3.89,-1.0
15369898,3.79,-1.0
15370693,4.17,-1.0
15370696,3.83,-1.0
15381314,6.0,1.0
15383092,4.13,-1.0
15386434,4.0,-1.0
15390835,4.0,-1.0
15392992,4.11,-1.0
15392993,4.0,-1.0
15394032,4.0,-1.0
15397972,4.2,-1.0
15411033,6.13,1.0
15419612,4.0,-1.0
15432854,6.05,1.0
15451592,6.43,1.0
15459014,4.0,-1.0
15465112,6.03,1.0
15473212,4.25,-1.0
15474938,6.23,1.0
15478092,4.0,-1.0
15479374,4.1,-1.0
15480754,4.0,-1.0
15480834,3.82,-1.0
15490232,4.2,-1.0
15498604,4.0,-1.0
15509138,4.11,-1.0
15513491,3.6,-1.0
15513492,3.67,-1.0
15515624,4.0,-1.0
15519394,4.29,-1.0
15519434,4.25,-1.0
15520083,4.23,-1.0
15523193,6.0,1.0
15532413,3.9,-1.0
15539013,3.58,-1.0
15548375,4.13,-1.0
15550672,6.16,1.0
15556634,6.28,1.0
15572361,3.83,-1.0
15574212,4.27,-1.0
15580215,4.13,-1.0
15584572,6.0,1.0
15585155,6.06,1.0
15585675,6.06,1.0
15604716,4.0,-1.0
15608697,4.0,-1.0
15634972,4.2,-1.0
15639155,4.14,-1.0
15669093,6.36,1.0
15676572,4.0,-1.0
15699792,3.86,-1.0
15702252,4.17,-1.0
15737712,4.23,-1.0
15746972,4.29,-1.0
15765337,4.13,-1.0
15765338,4.2,-1.0
15765432,3.67,-1.0
15775132,6.03,1.0
15779732,6.11,1.0
15781154,3.83,-1.0
15827853,6.0,1.0
15841774,6.09,1.0
15845697,3.86,-1.0
15848873,4.22,-1.0
15866392,4.17,-1.0
15884705,4.1,-1.0
15895433,4.13,-1.0
15898692,6.13,1.0
15900840,3.8,-1.0
15911013,3.8,-1.0
15911812,4.25,-1.0
15915253,4.11,-1.0
15920633,3.8,-1.0
15920634,3.29,-1.0
15920636,3.8,-1.0
15924773,3.5,-1.0
15941664,4.17,-1.0
15943072,6.05,1.0
15945815,4.2,-1.0
15957932,6.16,1.0
15958632,6.15,1.0
15959993,4.25,-1.0
15988712,4.22,-1.0
15990712,4.09,-1.0
15993232,3.6,-1.0
15995192,3.88,-1.0
15998412,4.0,-1.0
16001137,6.04,1.0
16001180,6.06,1.0
16001297,6.1,1.0
16001312,6.35,1.0
16001412,6.24,1.0
16001513,6.35,1.0
16001532,6.11,1.0
16004332,6.2,1.0
16006133,4.15,-1.0
16009595,3.8,-1.0
16013813,4.14,-1.0
16017513,3.79,-1.0
16019376,4.0,-1.0
16033213,4.0,-1.0
16035332,4.0,-1.0
16035975,3.78,-1.0
16046252,6.19,1.0
16046333,4.13,-1.0
16051505,4.11,-1.0
16061792,4.22,-1.0
16068912,4.3,-1.0
16073192,6.31,1.0
16075133,4.0,-1.0
16100661,4.13,-1.0
16106456,4.0,-1.0
16106459,4.1,-1.0
16108895,3.82,-1.0
16112636,4.29,-1.0
16117075,4.0,-1.0
16117878,4.0,-1.0
16117995,4.0,-1.0
16119253,3.62,-1.0
16120289,4.0,-1.0
16133032,3.5,-1.0
16146752,4.0,-1.0
16146772,4.29,-1.0
16150575,6.0,1.0
16153974,4.18,-1.0
16154693,3.43,-1.0
16155892,4.14,-1.0
16167852,3.67,-1.0
16222733,4.25,-1.0
16227493,4.2,-1.0
16229737,4.09,-1.0
16230323,4.23,-1.0
16233292,3.6,-1.0
16235153,4.25,-1.0
16235192,4.0,-1.0
16239035,4.1,-1.0
16241813,4.2,-1.0
16242489,4.17,-1.0
16261912,4.13,-1.0
16272112,6.0,1.0
16274493,3.6,-1.0
16274494,3.67,-1.0
16281832,4.18,-1.0
16283772,3.7,-1.0
16290512,6.0,1.0
16293255,4.22,-1.0
16296121,6.08,1.0
16320992,6.16,1.0
16334293,3.78,-1.0
16334294,4.29,-1.0
16338892,4.22,-1.0
16346172,6.07,1.0
16347036,4.22,-1.0
16351412,4.17,-1.0
16351972,4.27,-1.0
16357139,4.14,-1.0
16367553,4.0,-1.0
16367555,4.17,-1.0
16386154,4.17,-1.0
16386594,4.0,-1.0
16390972,3.64,-1.0
16392432,3.94,-1.0
16393092,4.08,-1.0
16393252,3.5,-1.0
16394092,4.1,-1.0
16399692,3.89,-1.0
16404552,3.9,-1.0
16404779,3.8,-1.0
16406292,4.13,-1.0
16411152,4.14,-1.0
16414456,6.27,1.0
16419193,6.0,1.0
16423393,6.25,1.0
16427232,4.0,-1.0
16429613,3.9,-1.0
16432572,4.29,-1.0
16439755,3.86,-1.0
16444592,6.33,1.0
16445153,6.05,1.0
16446192,4.2,-1.0
16454494,4.0,-1.0
16455994,3.78,-1.0
16461402,4.0,-1.0
16462252,4.0,-1.0
16464604,4.18,-1.0
16470473,6.31,1.0
16474616,3.86,-1.0
16475743,3.71,-1.0
16477515,4.25,-1.0
16480162,4.2,-1.0
16480992,6.07,1.0
16485231,3.78,-1.0
16485611,3.83,-1.0
16485621,4.17,-1.0
16486516,6.33,1.0
16487360,6.0,1.0
16488361,4.0,-1.0
16489652,3.71,-1.0
16492453,6.0,1.0
16494795,3.8,-1.0
16495952,4.27,-1.0
16498434,3.4,-1.0
16498976,4.14,-1.0
16498992,4.22,-1.0
16510377,4.25,-1.0
16515690,4.14,-1.0
16517320,6.22,1.0
16522832,6.31,1.0
16525357,3.86,-1.0
16526697,4.11,-1.0
16526699,4.0,-1.0
16526851,4.29,-1.0
16529199,3.83,-1.0
16533503,6.0,1.0
16535458,6.04,1.0
16548214,3.83,-1.0
16550778,3.44,-1.0
16551578,4.15,-1.0
16554980,4.2,-1.0
16561363,4.22,-1.0
16561376,4.27,-1.0
16561389,4.11,-1.0
16561406,4.2,-1.0
16561457,4.0,-1.0
16561536,3.71,-1.0
16563714,4.13,-1.0
16568001,4.22,-1.0
16578595,4.11,-1.0
16581732,4.23,-1.0
16581773,6.0,1.0
16581843,4.0,-1.0
16582088,4.0,-1.0
16585639,3.82,-1.0
16590023,4.0,-1.0
16591637,3.89,-1.0
16592674,6.19,1.0
16594726,4.1,-1.0
16603853,6.21,1.0
16605293,3.73,-1.0
16605822,4.27,-1.0
16609792,4.09,-1.0
16615115,4.13,-1.0
16615273,4.0,-1.0
16616732,6.0,1.0
16621272,4.29,-1.0
16621493,4.0,-1.0
16623314,4.25,-1.0
16623316,3.83,-1.0
16630042,6.04,1.0
16630247,4.27,-1.0
16630516,3.73,-1.0
16630544,4.2,-1.0
16631740,4.27,-1.0
16633897,3.9,-1.0
16635115,3.92,-1.0
16635130,4.11,-1.0
16636423,4.25,-1.0
16640032,4.0,-1.0
16641587,3.83,-1.0
16652375,4.09,-1.0
16656175,3.8,-1.0
16657494,6.16,1.0
16658653,4.22,-1.0
16660792,4.18,-1.0
16661733,6.06,1.0
16671992,4.09,-1.0
16675738,4.0,-1.0
16676172,4.2,-1.0
16678033,4.25,-1.0
16685232,4.17,-1.0
16687854,4.27,-1.0
16700653,6.13,1.0
16702215,3.89,-1.0
16702512,4.21,-1.0
16708136,4.0,-1.0
16708456,4.08,-1.0
16708466,3.75,-1.0
16708495,4.08,-1.0
16709175,4.22,-1.0
16709252,3.92,-1.0
16727307,4.21,-1.0
16731092,3.67,-1.0
16739192,3.9,-1.0
16741713,4.08,-1.0
16741756,4.18,-1.0
16748272,4.18,-1.0
16751657,4.18,-1.0
16756932,4.25,-1.0
16756992,4.27,-1.0
16757833,4.17,-1.0
16767715,3.92,-1.0
16767752,4.08,-1.0
16767793,3.92,-1.0
16771080,3.9,-1.0
16771732,3.86,-1.0
16771994,4.06,-1.0
16773073,3.85,-1.0
16773212,4.25,-1.0
16776092,4.18,-1.0
16776953,4.29,-1.0
16777073,3.5,-1.0
16777097,3.83,-1.0
16777132,3.73,-1.0
16781753,4.18,-1.0
16784012,3.92,-1.0
16784558,4.11,-1.0
16788053,4.21,-1.0
16788793,3.8,-1.0
16790102,3.57,-1.0
16790117,3.64,-1.0
16790118,4.2,-1.0
16790157,3.93,-1.0
16790158,4.0,-1.0
16790161,3.7,-1.0
16790162,3.78,-1.0
16790165,3.4,-1.0
16790166,4.0,-1.0
16790167,3.75,-1.0
16790212,3.38,-1.0
16790397,4.27,-1.0
16790399,4.25,-1.0
16790402,4.0,-1.0
16790405,3.78,-1.0
16790412,3.56,-1.0
16790416,4.09,-1.0
16790433,3.86,-1.0
16790434,4.25,-1.0
16790436,3.86,-1.0
16790442,3.7,-1.0
16790449,4.0,-1.0
16791980,4.0,-1.0
16791987,4.11,-1.0
16791989,4.0,-1.0
16796857,4.1,-1.0
16796861,4.18,-1.0
16796862,4.17,-1.0
16796863,4.27,-1.0
16796867,4.27,-1.0
16796873,4.0,-1.0
16796882,3.5,-1.0
16796913,3.64,-1.0
16796921,4.13,-1.0
16796924,4.0,-1.0
16796927,3.6,-1.0
16796930,3.67,-1.0
16796933,3.8,-1.0
16796937,3.9,-1.0
16796940,4.11,-1.0
16796941,3.42,-1.0
16796976,3.6,-1.0
16796979,4.07,-1.0
16796981,4.11,-1.0
16796988,4.06,-1.0
16798272,4.09,-1.0
16798895,4.0,-1.0
16804774,4.08,-1.0
16806013,4.3,-1.0
16806060,4.0,-1.0
16806065,3.75,-1.0
16817112,3.88,-1.0
16819172,4.0,-1.0
16823433,3.5,-1.0
16823454,3.75,-1.0
16863575,4.15,-1.0
16863576,3.75,-1.0
16863584,3.91,-1.0
16865179,4.3,-1.0
16874432,4.1,-1.0
16877732,4.18,-1.0
16880232,4.0,-1.0
16886152,4.3,-1.0
16886174,4.0,-1.0
16887092,4.0,-1.0
16890412,4.2,-1.0
16899272,4.3,-1.0
16912937,4.11,-1.0
16913595,4.3,-1.0
16920253,4.2,-1.0
16923652,4.1,-1.0
16925914,4.2,-1.0
16941334,3.67,-1.0
16947536,4.07,-1.0
16947872,4.29,-1.0
16949248,4.18,-1.0
16962392,3.8,-1.0
16965886,4.1,-1.0
16970492,4.22,-1.0
16971095,4.0,-1.0
16971277,4.18,-1.0
16977617,3.83,-1.0
16977679,4.29,-1.0
16978561,3.63,-1.0
16982075,6.03,1.0
16989783,4.11,-1.0
16991393,4.0,-1.0
16991395,4.3,-1.0
16995492,4.29,-1.0
16995591,3.5,-1.0
16999353,3.83,-1.0
16999968,3.71,-1.0
17001572,4.25,-1.0
17004034,3.83,-1.0
17004036,4.0,-1.0
17007405,4.0,-1.0
17008493,4.22,-1.0
17010470,4.14,-1.0
17010480,4.0,-1.0
17014573,4.2,-1.0
17031952,3.85,-1.0
17031953,3.82,-1.0
17036293,4.18,-1.0
17040532,3.57,-1.0
17046585,6.06,1.0
17051095,6.27,1.0
17052512,3.83,-1.0
17053292,6.04,1.0
17059175,4.08,-1.0
17064434,4.0,-1.0
17068175,4.29,-1.0
17069654,4.0,-1.0
17074293,4.22,-1.0
17078655,4.22,-1.0
17084535,3.56,-1.0
17086172,4.29,-1.0
17090375,4.23,-1.0
17093740,4.0,-1.0
17093741,4.0,-1.0
17093752,4.2,-1.0
17093757,4.0,-1.0
17093874,4.27,-1.0
17093875,4.14,-1.0
17093876,4.0,-1.0
17093877,4.0,-1.0
17093890,4.17,-1.0
17093893,4.0,-1.0
17093907,4.0,-1.0
17093910,3.63,-1.0
17093912,4.13,-1.0
17095377,4.29,-1.0
17095414,4.2,-1.0
17095415,4.13,-1.0
17095452,3.83,-1.0
17095454,4.0,-1.0
17095608,4.11,-1.0
17101436,4.18,-1.0
17107112,4.2,-1.0
17107712,4.13,-1.0
17108432,3.83,-1.0
17114293,4.0,-1.0
17119413,4.08,-1.0
17119748,4.18,-1.0
17121853,4.17,-1.0
17122112,6.05,1.0
17124320,4.22,-1.0
17125055,4.0,-1.0
17129017,3.67,-1.0
17135692,4.0,-1.0
17142412,3.5,-1.0
17156692,4.22,-1.0
17157612,6.11,1.0
17161914,6.38,1.0
17163092,4.13,-1.0
17171932,4.22,-1.0
17175174,6.03,1.0
17179212,6.06,1.0
17191213,4.0,-1.0
17200872,4.11,-1.0
17208432,4.25,-1.0
17209132,4.22,-1.0
17209212,3.9,-1.0
17216473,4.29,-1.0
17218556,4.22,-1.0
17240432,4.0,-1.0
17243133,6.07,1.0
17252537,6.21,1.0
17256036,6.28,1.0
17263552,4.22,-1.0
17274632,4.0,-1.0
17274813,4.11,-1.0
17285313,4.2,-1.0
17293392,4.13,-1.0
17296473,4.0,-1.0
17320412,6.17,1.0
17320532,6.13,1.0
17333572,4.18,-1.0
17338153,6.03,1.0
17339332,4.0,-1.0
17342932,6.12,1.0
17368554,3.89,-1.0
17368556,3.62,-1.0
17368561,4.14,-1.0
17368657,3.67,-1.0
17368673,3.33,-1.0
17369433,3.78,-1.0
17369444,4.25,-1.0
17369445,4.0,-1.0
17369446,4.18,-1.0
17369448,3.78,-1.0
17369452,4.1,-1.0
17369453,4.29,-1.0
17369456,4.0,-1.0
17369457,3.86,-1.0
17369459,4.2,-1.0
17369462,3.78,-1.0
17369525,4.0,-1.0
17387512,4.0,-1.0
17388052,3.77,-1.0
17388992,6.08,1.0
17389292,6.0,1.0
17390914,6.0,1.0
17399801,3.56,-1.0
17403672,6.0,1.0
17405053,4.13,-1.0
17405055,4.15,-1.0
17405058,4.23,-1.0
17409792,4.0,-1.0
17409913,4.22,-1.0
17413452,6.07,1.0
17413856,4.15,-1.0
17414027,4.07,-1.0
17414052,6.0,1.0
17414354,4.1,-1.0
17415435,4.29,-1.0
17415621,3.89,-1.0
17415756,4.29,-1.0
17415883,4.25,-1.0
17416905,4.0,-1.0
17417139,4.27,-1.0
17418973,6.22,1.0
17419730,4.25,-1.0
17420938,4.2,-1.0
17421342,4.27,-1.0
17423940,4.0,-1.0
17423946,3.8,-1.0
17425021,4.1,-1.0
17428384,4.3,-1.0
17435494,3.8,-1.0
17435776,4.21,-1.0
17435920,3.92,-1.0
17437152,4.3,-1.0
17437210,4.11,-1.0
17439339,6.25,1.0
17439576,4.13,-1.0
17442163,6.05,1.0
17443261,4.0,-1.0
17449301,6.04,1.0
17452953,4.17,-1.0
17453081,4.29,-1.0
17467153,4.2,-1.0
17467520,4.0,-1.0
17468677,4.14,-1.0
17469375,3.8,-1.0
17469376,3.75,-1.0
17469384,4.2,-1.0
17470524,3.83,-1.0
17471230,4.14,-1.0
17474492,4.17,-1.0
17476965,6.15,1.0
17481321,4.1,-1.0
17481323,4.25,-1.0
17483223,4.0,-1.0
17486659,6.15,1.0
17490689,4.14,-1.0
17497837,3.5,-1.0
17500559,3.67,-1.0
17501805,3.6,-1.0
17504202,6.1,1.0
17505144,3.6,-1.0
17505408,4.0,-1.0
17506079,4.0,-1.0
17509341,4.0,-1.0
17510356,6.08,1.0
17510496,4.13,-1.0
17511574,3.88,-1.0
17512193,4.11,-1.0
17513776,4.2,-1.0
17516414,4.25,-1.0
17516641,4.2,-1.0
17517265,4.0,-1.0
17519414,4.0,-1.0
17520021,4.0,-1.0
17521632,3.6,-1.0
17522766,4.17,-1.0
17524663,4.13,-1.0
17525671,4.0,-1.0
17526115,4.29,-1.0
17526654,4.14,-1.0
17526835,4.0,-1.0
17526966,3.71,-1.0
17527369,3.57,-1.0
17527375,3.86,-1.0
17529940,4.2,-1.0
17529941,3.83,-1.0
17532409,6.09,1.0
17534207,3.71,-1.0
17535172,4.11,-1.0
17538852,4.25,-1.0
17539505,4.14,-1.0
17540019,4.2,-1.0
17541240,4.3,-1.0
17545041,4.1,-1.0
17545896,3.75,-1.0
17545976,3.88,-1.0
17545989,4.0,-1.0
17546005,3.75,-1.0
17548388,4.3,-1.0
17548392,4.13,-1.0
17548411,4.17,-1.0
17548713,6.17,1.0
17550573,4.2,-1.0
17550850,6.0,1.0
17556350,3.67,-1.0
17556405,6.08,1.0
17556491,3.56,-1.0
17557738,4.13,-1.0
17559048,4.13,-1.0
17559092,4.17,-1.0
17560697,6.45,1.0
17562711,3.86,-1.0
17570743,6.0,1.0
17574585,6.25,1.0
17575318,4.1,-1.0
17579329,4.25,-1.0
17579604,4.2,-1.0
17579675,4.13,-1.0
17580493,3.71,-1.0
17581931,4.29,-1.0
17585313,3.71,-1.0
17586476,4.2,-1.0
17592109,6.0,1.0
17592904,6.0,1.0
17593409,6.08,1.0
17596987,4.14,-1.0
17598132,6.11,1.0
17600304,3.6,-1.0
17602282,3.5,-1.0
17602283,4.14,-1.0
17602288,3.6,-1.0
17602291,3.4,-1.0
17604004,3.8,-1.0
17607418,6.0,1.0
17611261,4.14,-1.0
17611269,4.17,-1.0
17611935,4.29,-1.0
17611966,3.83,-1.0
17612967,3.8,-1.0
17617091,3.83,-1.0
17620275,3.67,-1.0
17622871,4.0,-1.0
17627801,6.3,1.0
17630781,6.0,1.0
17632152,6.03,1.0
17632206,4.0,-1.0
17637237,4.0,-1.0
17638940,4.14,-1.0
17640496,4.0,-1.0
17642139,4.2,-1.0
17642244,4.0,-1.0
17643114,6.1,1.0
17645305,4.25,-1.0
17645741,4.17,-1.0
17647141,3.83,-1.0
17648401,4.2,-1.0
17650022,4.29,-1.0
17650148,4.3,-1.0
17651373,4.2,-1.0
17654559,4.0,-1.0
17659325,3.86,-1.0
17659632,3.88,-1.0
17664862,4.13,-1.0
17668673,4.14,-1.0
17669535,6.19,1.0
17669824,4.11,-1.0
17672484,4.17,-1.0
17673176,6.16,1.0
17673807,6.1,1.0
17674957,6.43,1.0
17678675,6.05,1.0
17679011,4.2,-1.0
17679732,4.0,-1.0
17682143,6.03,1.0
17683044,4.13,-1.0
17683135,4.13,-1.0
17683887,4.18,-1.0
17685301,3.75,-1.0
17685756,4.29,-1.0
17685762,3.71,-1.0
17685766,3.67,-1.0
17687160,3.57,-1.0
17687163,4.2,-1.0
17687169,3.86,-1.0
17687177,3.5,-1.0
17687184,4.2,-1.0
17687256,3.8,-1.0
17687275,3.63,-1.0
17687291,3.5,-1.0
17687292,3.2,-1.0
17687908,3.71,-1.0
17687909,3.89,-1.0
17687910,4.0,-1.0
17687933,4.0,-1.0
17688004,3.33,-1.0
17688005,3.57,-1.0
17688060,3.75,-1.0
17688067,3.44,-1.0
17688099,3.14,-1.0
17688103,3.86,-1.0
17688105,3.67,-1.0
17688106,3.43,-1.0
17688109,3.67,-1.0
17688110,3.78,-1.0
17688117,3.57,-1.0
17688124,3.14,-1.0
17688149,3.75,-1.0
17688159,3.67,-1.0
17688187,3.75,-1.0
17688189,3.71,-1.0
17688192,4.0,-1.0
17688193,4.25,-1.0
17688227,4.0,-1.0
17688264,3.14,-1.0
17688265,3.75,-1.0
17688270,3.4,-1.0
17688275,3.67,-1.0
17688277,3.83,-1.0
17688287,3.43,-1.0
17688298,3.71,-1.0
17688299,4.0,-1.0
17688300,3.75,-1.0
17688301,3.63,-1.0
17688303,3.5,-1.0
17688304,3.78,-1.0
17688309,4.11,-1.0
17688312,3.5,-1.0
17688313,3.71,-1.0
17688314,3.86,-1.0
17688349,3.6,-1.0
17688353,4.0,-1.0
17688354,3.9,-1.0
17688355,3.75,-1.0
17688356,3.8,-1.0
17688373,3.63,-1.0
17688379,3.4,-1.0
17688382,3.8,-1.0
17688387,4.0,-1.0
17688420,3.86,-1.0
17688424,3.44,-1.0
17688428,3.29,-1.0
17688444,3.4,-1.0
17688467,3.88,-1.0
17688472,3.71,-1.0
17688475,3.8,-1.0
17688479,3.6,-1.0
17688485,3.5,-1.0
17688486,3.17,-1.0
17688487,3.57,-1.0
17688498,3.8,-1.0
17688504,3.56,-1.0
17688506,4.0,-1.0
17688520,3.57,-1.0
17688521,3.71,-1.0
17688540,3.75,-1.0
17688548,3.67,-1.0
17691629,3.89,-1.0
17691630,3.83,-1.0
17691631,4.0,-1.0
17693126,3.78,-1.0
17693128,3.89,-1.0
17697803,4.0,-1.0
17698219,3.6,-1.0
17698690,3.67,-1.0
17699691,4.0,-1.0
17700608,4.2,-1.0
17702086,4.22,-1.0
17702097,4.13,-1.0
17702762,4.17,-1.0
17703613,4.14,-1.0
17704368,4.14,-1.0
17713043,6.0,1.0
17717657,3.88,-1.0
17718238,4.0,-1.0
17718278,3.83,-1.0
17719473,6.21,1.0
17719622,4.25,-1.0
17720556,4.17,-1.0
17721261,4.2,-1.0
17723628,3.67,-1.0
17725297,4.13,-1.0
17728126,4.0,-1.0
17729253,6.13,1.0
17731472,4.29,-1.0
17735919,4.27,-1.0
17736423,4.0,-1.0
17736428,4.17,-1.0
17747956,4.29,-1.0
17750639,4.0,-1.0
17752653,4.14,-1.0
17757604,6.12,1.0
17764897,4.1,-1.0
17768783,4.14,-1.0
17779186,3.75,-1.0
17781468,4.29,-1.0
17784690,3.86,-1.0
17787267,3.33,-1.0
17789687,4.14,-1.0
17792609,6.15,1.0
17792900,3.86,-1.0
17799546,4.29,-1.0
17799605,4.17,-1.0
17800537,4.22,-1.0
17803155,3.89,-1.0
17803157,4.1,-1.0
17804675,4.0,-1.0
17806003,6.46,1.0
17806094,3.67,-1.0
17810417,3.83,-1.0
17811631,6.44,1.0
17812220,4.29,-1.0
17820048,6.0,1.0
17820372,6.14,1.0
17820879,4.0,-1.0
17824799,4.0,-1.0
17832654,4.3,-1.0
17834481,3.38,-1.0
17841040,4.29,-1.0
17841070,3.4,-1.0
17841079,4.13,-1.0
17841101,3.6,-1.0
17841102,3.67,-1.0
17841118,3.17,-1.0
17841122,3.4,-1.0
17841127,3.4,-1.0
17841139,3.33,-1.0
17842339,3.5,-1.0
17842554,6.2,1.0
17844380,4.0,-1.0
17847106,4.0,-1.0
17848737,3.2,-1.0
17850168,6.0,1.0
17853931,4.17,-1.0
17855236,4.29,-1.0
17859554,4.29,-1.0
17859867,4.17,-1.0
17861329,4.0,-1.0
17863918,6.15,1.0
17864754,3.86,-1.0
17864924,4.2,-1.0
17866282,4.17,-1.0
17869923,4.2,-1.0
17870280,6.06,1.0
17872138,4.3,-1.0
17875856,4.17,-1.0
17881644,6.07,1.0
17881872,3.38,-1.0
17882831,4.25,-1.0
17883814,4.17,-1.0
17884613,4.23,-1.0
17886656,4.29,-1.0
17888899,3.89,-1.0
17889066,6.19,1.0
17889875,6.29,1.0
17890010,6.27,1.0
17890158,4.2,-1.0
17891575,4.29,-1.0
17892855,6.3,1.0
17893528,6.26,1.0
17893530,6.07,1.0
17893783,6.17,1.0
17894522,6.07,1.0
17894589,6.09,1.0
17901972,6.19,1.0
17904085,3.33,-1.0
17904791,3.33,-1.0
17905385,3.6,-1.0
17909315,3.2,-1.0
17910386,3.88,-1.0
17911606,4.2,-1.0
17912442,4.0,-1.0
17912458,4.14,-1.0
17912459,4.22,-1.0
17912461,4.22,-1.0
17912462,4.0,-1.0
17913356,4.22,-1.0
17913368,4.22,-1.0
17914165,4.14,-1.0
17915667,3.69,-1.0
17916456,3.71,-1.0
17917244,4.0,-1.0
17917712,4.25,-1.0
17919342,3.9,-1.0
17920331,4.0,-1.0
17920332,4.0,-1.0
17930930,4.29,-1.0
17933504,4.29,-1.0
17933821,3.88,-1.0
17933894,4.17,-1.0
17934891,4.22,-1.0
17934976,4.18,-1.0
17935670,4.0,-1.0
17936881,4.09,-1.0
17937283,4.29,-1.0
17938897,4.27,-1.0
17943966,4.0,-1.0
17944837,3.71,-1.0
17945350,4.0,-1.0
17946588,4.0,-1.0
17946674,4.29,-1.0
17946767,4.29,-1.0
17947205,4.0,-1.0
17947209,4.3,-1.0
17947891,4.25,-1.0
17949092,3.73,-1.0
17949868,3.89,-1.0
17949869,3.71,-1.0
17951067,3.77,-1.0
17951746,4.25,-1.0
17952065,4.29,-1.0
17952453,4.2,-1.0
17955627,4.0,-1.0
17955812,6.04,1.0
17955997,4.0,-1.0
17956146,4.11,-1.0
17956156,3.5,-1.0
17957866,4.0,-1.0
17961140,3.71,-1.0
17962456,4.2,-1.0
17962953,4.2,-1.0
17963625,3.78,-1.0
17964089,4.2,-1.0
17964603,4.14,-1.0
17964626,4.0,-1.0
17965962,4.14,-1.0
17966052,4.14,-1.0
17966084,4.0,-1.0
17966292,4.29,-1.0
17966512,4.17,-1.0
17971233,4.13,-1.0
17971235,4.17,-1.0
17971897,4.1,-1.0
17971956,3.8,-1.0
17971964,3.57,-1.0
17971965,3.75,-1.0
17972015,4.0,-1.0
17972037,3.6,-1.0
17972793,3.13,-1.0
17974071,3.8,-1.0
17976576,3.44,-1.0
17980549,6.3,1.0
17980661,3.5,-1.0
17980662,3.78,-1.0
17981874,4.13,-1.0
17982449,4.29,-1.0
17983757,4.18,-1.0
17984025,3.88,-1.0
17986653,3.86,-1.0
17989450,3.5,-1.0
17989964,3.83,-1.0
17989965,4.0,-1.0
17991036,4.0,-1.0
17991145,4.08,-1.0
17993585,4.3,-1.0
17996939,4.17,-1.0
17997065,4.24,-1.0
17999637,4.3,-1.0
17999640,3.88,-1.0
17999651,4.0,-1.0
17999687,3.88,-1.0
18000361,3.8,-1.0
18000952,4.11,-1.0
18002052,6.03,1.0
18003002,3.67,-1.0
18004752,4.13,-1.0
18005815,3.6,-1.0
18006989,6.19,1.0
18007565,3.78,-1.0
18007798,4.17,-1.0
18008887,6.26,1.0
18008938,4.0,-1.0
18010664,4.0,-1.0
18015672,4.0,-1.0
18017379,3.86,-1.0
18017408,3.75,-1.0
18017768,4.13,-1.0
18018262,4.0,-1.0
18020937,4.3,-1.0
18021092,4.17,-1.0
18023658,4.0,-1.0
18025066,6.16,1.0
18025445,4.13,-1.0
18025463,3.8,-1.0
18027555,3.86,-1.0
18028793,4.29,-1.0
18033132,4.09,-1.0
18033892,3.63,-1.0
18033975,4.2,-1.0
18034542,4.13,-1.0
18036553,4.25,-1.0
18036554,4.11,-1.0
18036936,4.22,-1.0
18037040,4.2,-1.0
18037994,4.0,-1.0
18039202,3.83,-1.0
18040660,4.22,-1.0
18040661,4.0,-1.0
18040666,4.17,-1.0
18040678,3.71,-1.0
18040689,4.25,-1.0
18040985,3.8,-1.0
18041105,4.1,-1.0
18041404,4.2,-1.0
18041777,3.83,-1.0
18042477,4.14,-1.0
18042576,3.89,-1.0
18042830,4.2,-1.0
18046197,3.8,-1.0
18046198,3.67,-1.0
18046213,4.0,-1.0
18048755,3.17,-1.0
18049882,3.4,-1.0
18050132,3.83,-1.0
18050600,4.25,-1.0
18051479,4.0,-1.0
18053559,4.14,-1.0
18054607,6.05,1.0
18055081,3.86,-1.0
18059535,3.8,-1.0
18059576,4.22,-1.0
18060612,3.43,-1.0
18060694,4.3,-1.0
18062867,4.0,-1.0
18062872,4.0,-1.0
18062880,4.2,-1.0
18063027,4.2,-1.0
18063685,3.8,-1.0
18064937,4.25,-1.0
18065041,4.14,-1.0
18065859,4.27,-1.0
18065876,6.03,1.0
18065882,4.17,-1.0
18071679,4.0,-1.0
18071700,3.43,-1.0
18072857,6.21,1.0
18075317,3.88,-1.0
18075319,4.0,-1.0
18076733,6.0,1.0
18076826,4.2,-1.0
18076834,3.8,-1.0
18076865,4.22,-1.0
18076874,4.18,-1.0
18076899,4.0,-1.0
18077258,4.13,-1.0
18077360,6.34,1.0
18077995,4.29,-1.0
18078229,3.89,-1.0
18078236,3.63,-1.0
18079257,4.0,-1.0
18080298,3.83,-1.0
18081174,4.13,-1.0
18082624,4.25,-1.0
18083126,4.11,-1.0
18084831,3.6,-1.0
18087576,4.22,-1.0
18089412,4.21,-1.0
18090115,4.08,-1.0
18092900,4.13,-1.0
18093220,6.0,1.0
18093843,3.75,-1.0
18094883,4.22,-1.0
18095501,3.88,-1.0
18095564,4.27,-1.0
18095741,4.3,-1.0
18096735,4.0,-1.0
18096742,3.71,-1.0
18096766,3.6,-1.0
18096838,4.13,-1.0
18099812,4.29,-1.0
18099986,3.82,-1.0
18100570,4.0,-1.0
18100828,4.0,-1.0
18102064,4.0,-1.0
18102660,6.15,1.0
18105402,4.25,-1.0
18105705,6.0,1.0
18106115,3.88,-1.0
18108915,4.13,-1.0
18110888,4.0,-1.0
18111313,3.71,-1.0
18111532,3.89,-1.0
18111539,4.0,-1.0
18111581,3.56,-1.0
18112575,4.17,-1.0
18115094,3.83,-1.0
18115133,3.71,-1.0
18115140,4.0,-1.0
18115167,4.22,-1.0
18115189,4.22,-1.0
18115269,4.0,-1.0
18116400,4.17,-1.0
18116402,4.0,-1.0
18117101,4.27,-1.0
18117380,4.29,-1.0
18117756,3.67,-1.0
18117784,4.07,-1.0
18120953,3.71,-1.0
18121084,3.4,-1.0
18121354,4.25,-1.0
18122141,4.22,-1.0
18122253,3.78,-1.0
18123958,3.89,-1.0
18127273,3.86,-1.0
18127940,3.86,-1.0
18128142,3.7,-1.0
18128255,4.14,-1.0
18129490,4.0,-1.0
18131961,4.0,-1.0
18131963,4.22,-1.0
18131995,4.2,-1.0
18132001,4.25,-1.0
18132002,4.0,-1.0
18132978,3.67,-1.0
18133192,3.88,-1.0
18133617,4.14,-1.0
18134340,4.27,-1.0
18135387,3.2,-1.0
18135452,4.0,-1.0
18135905,3.8,-1.0
18135906,3.4,-1.0
18138114,3.86,-1.0
18139016,4.29,-1.0
18140028,4.0,-1.0
18140059,3.75,-1.0
18140096,4.0,-1.0
18143926,4.25,-1.0
18144504,3.86,-1.0
18144514,3.88,-1.0
18145416,3.6,-1.0
18145597,4.0,-1.0
18145980,3.91,-1.0
18146700,4.25,-1.0
18146903,3.88,-1.0
18148836,3.8,-1.0
18149318,3.8,-1.0
18149781,4.25,-1.0
18150455,4.23,-1.0
18150721,4.29,-1.0
18150810,4.13,-1.0
18151236,4.29,-1.0
18153194,4.17,-1.0
18153313,4.3,-1.0
18155736,4.09,-1.0
18156396,4.0,-1.0
18158748,4.3,-1.0
18159127,4.25,-1.0
18159145,4.29,-1.0
18173816,4.3,-1.0
18175835,4.25,-1.0
18176169,4.27,-1.0
18176187,4.3,-1.0
18176754,3.83,-1.0
18177180,4.13,-1.0
18179044,4.0,-1.0
18179805,3.38,-1.0
18179811,4.0,-1.0
18180684,6.02,1.0
18180778,3.91,-1.0
18184209,3.71,-1.0
18184401,4.27,-1.0
18185351,4.29,-1.0
18186063,4.18,-1.0
18188164,4.0,-1.0
18188900,4.25,-1.0
18189615,4.3,-1.0
18191150,3.86,-1.0
18191353,4.0,-1.0
18193289,4.29,-1.0
18195810,3.33,-1.0
18196102,4.07,-1.0
18196620,4.25,-1.0
18198119,4.25,-1.0
18201138,4.25,-1.0
18201227,4.29,-1.0
18202039,4.25,-1.0
18204136,4.25,-1.0
18207580,4.25,-1.0
18212249,4.11,-1.0
18214656,4.25,-1.0
18215384,4.17,-1.0
18216062,4.1,-1.0
18216235,4.18,-1.0
18216281,4.25,-1.0
18217463,3.6,-1.0
18219790,4.2,-1.0
18220223,4.09,-1.0
18220278,3.88,-1.0
18221071,3.89,-1.0
18221520,4.22,-1.0
18222103,4.29,-1.0
18222237,3.67,-1.0
18222699,4.3,-1.0
18222892,4.29,-1.0
18223017,4.13,-1.0
18223031,4.14,-1.0
18223698,4.27,-1.0
18223792,3.57,-1.0
18226145,4.25,-1.0
18227084,3.8,-1.0
18227470,4.0,-1.0
18228453,3.6,-1.0
18229383,4.3,-1.0
18229620,4.13,-1.0
18229855,4.25,-1.0
18230400,4.29,-1.0
18231088,4.3,-1.0
18231918,4.25,-1.0
18232785,3.86,-1.0
18232786,3.88,-1.0
18232787,3.63,-1.0
18233096,4.3,-1.0
18233549,3.64,-1.0
18233783,4.23,-1.0
18233913,3.93,-1.0
18234221,4.25,-1.0
18234496,3.7,-1.0
18235146,4.29,-1.0
18235918,4.25,-1.0
18236403,3.5,-1.0
18237336,4.0,-1.0
18237485,4.0,-1.0
18240159,4.25,-1.0
18240214,3.5,-1.0
18241095,3.9,-1.0
18241284,3.75,-1.0
18241401,4.0,-1.0
18241403,3.57,-1.0
18243067,4.29,-1.0
18243073,4.25,-1.0
18243196,4.0,-1.0
18244119,4.3,-1.0
18244559,4.29,-1.0
18244971,4.27,-1.0
18245043,4.29,-1.0
18246545,4.0,-1.0
18246696,4.3,-1.0
18247003,4.17,-1.0
18247083,3.8,-1.0
18247500,4.0,-1.0
18247531,3.67,-1.0
18247603,4.25,-1.0
18247752,4.0,-1.0
18248560,4.17,-1.0
18249001,4.27,-1.0
18249406,4.09,-1.0
18252586,4.27,-1.0
18254277,4.27,-1.0
18254467,4.1,-1.0
18255801,4.27,-1.0
18257125,3.89,-1.0
18257185,4.09,-1.0
18257271,4.27,-1.0
18259433,4.27,-1.0
18259847,3.92,-1.0
18260323,4.14,-1.0
18260663,4.09,-1.0
18262060,3.5,-1.0
18262694,3.57,-1.0
18263005,4.0,-1.0
18263147,3.83,-1.0
18263153,3.5,-1.0
18263157,4.29,-1.0
18263364,4.0,-1.0
18263443,3.89,-1.0
18263471,4.2,-1.0
18263972,4.29,-1.0
18265089,4.0,-1.0
18265370,4.14,-1.0
18265689,4.18,-1.0
18265820,4.11,-1.0
18266310,4.25,-1.0
18267037,4.3,-1.0
18267840,3.86,-1.0
18269698,4.17,-1.0
18269972,4.17,-1.0
18271112,3.5,-1.0
18271114,3.56,-1.0
18271117,3.6,-1.0
18271124,4.29,-1.0
18271396,3.2,-1.0
18271488,3.5,-1.0
18271498,4.2,-1.0
18271499,4.0,-1.0
18271534,4.0,-1.0
18271553,4.18,-1.0
18271612,4.27,-1.0
18271726,4.3,-1.0
18271805,4.17,-1.0
18271991,4.29,-1.0
18273293,4.2,-1.0
18274061,4.27,-1.0
18274882,4.0,-1.0
18276113,4.0,-1.0
18276928,4.29,-1.0
18277434,4.0,-1.0
18280012,4.0,-1.0
18280733,4.2,-1.0
18281517,4.25,-1.0
18282035,4.2,-1.0
18282192,3.83,-1.0
18282214,3.73,-1.0
18282216,4.0,-1.0
18282625,4.3,-1.0
18282845,4.29,-1.0
18282847,4.2,-1.0
18283643,3.91,-1.0
18283709,4.0,-1.0
18283808,6.17,1.0
18284273,4.0,-1.0
18284282,4.0,-1.0
18284286,3.4,-1.0
18284391,4.3,-1.0
18284569,4.13,-1.0
18284602,4.29,-1.0
18284662,3.6,-1.0
18284668,3.83,-1.0
18284721,4.0,-1.0
18284724,3.86,-1.0
18284732,3.86,-1.0
18284822,4.0,-1.0
18285003,4.2,-1.0
18285359,4.17,-1.0
18285650,3.8,-1.0
18285658,3.33,-1.0
18285676,4.13,-1.0
18286067,3.8,-1.0
18286694,4.25,-1.0
18286702,3.63,-1.0
18286704,3.5,-1.0
18287610,3.57,-1.0
18287895,4.3,-1.0
18288034,4.27,-1.0
18288070,4.18,-1.0
18288074,4.2,-1.0
18288167,4.27,-1.0
18288470,4.27,-1.0
18288713,3.89,-1.0
18288922,4.18,-1.0
18288933,4.2,-1.0
18288950,4.3,-1.0
18289513,3.82,-1.0
18289556,3.43,-1.0
18289564,4.17,-1.0
18289951,4.0,-1.0
18291066,3.93,-1.0
18291377,4.22,-1.0
18291391,4.25,-1.0
18291392,4.25,-1.0
18292006,3.67,-1.0
18292008,4.11,-1.0
18292016,4.11,-1.0
18292436,4.09,-1.0
18293505,4.0,-1.0
18293506,4.08,-1.0
18293507,3.75,-1.0
18293554,3.67,-1.0
18293573,4.17,-1.0
18293719,4.15,-1.0
18293852,4.0,-1.0
18293861,4.07,-1.0
18294240,4.0,-1.0
18294243,4.22,-1.0
18294282,3.5,-1.0
18294285,4.14,-1.0
18294287,4.3,-1.0
18294295,4.0,-1.0
18294296,4.1,-1.0
18294298,3.7,-1.0
18294323,4.11,-1.0
18294490,3.9,-1.0
18294501,4.0,-1.0
18294513,4.11,-1.0
18294514,3.71,-1.0
18294526,3.64,-1.0
18294529,4.11,-1.0
18294710,4.0,-1.0
18294970,4.25,-1.0
18294975,3.8,-1.0
18295199,3.78,-1.0
18295204,3.33,-1.0
18295227,3.67,-1.0
18295388,3.91,-1.0
18295390,4.0,-1.0
18295594,4.08,-1.0
18295716,3.92,-1.0
18295734,3.8,-1.0
18295811,4.1,-1.0
18297072,3.91,-1.0
18297084,4.11,-1.0
18297085,4.3,-1.0
18297294,4.1,-1.0
18297374,3.67,-1.0
18297423,3.9,-1.0
18297433,3.88,-1.0
18297455,3.57,-1.0
18297599,4.13,-1.0
18297655,3.86,-1.0
18298012,4.18,-1.0
18298014,4.0,-1.0
18298216,4.25,-1.0
18298369,4.3,-1.0
18299393,4.11,-1.0
18299410,4.23,-1.0
18299525,3.89,-1.0
18299536,3.92,-1.0
18299653,4.17,-1.0
18300164,4.14,-1.0
18300171,4.0,-1.0
18300225,3.67,-1.0
18300694,4.17,-1.0
18300753,4.2,-1.0
18300842,4.06,-1.0
18300918,4.2,-1.0
18301006,4.11,-1.0
18301007,4.22,-1.0
18301432,3.89,-1.0
18301831,4.0,-1.0
18302317,4.27,-1.0
18302398,4.17,-1.0
18302399,4.14,-1.0
18302544,4.0,-1.0
18303190,3.86,-1.0
18303277,4.21,-1.0
18303493,4.25,-1.0
18303509,4.0,-1.0
18304059,3.9,-1.0
18304106,4.2,-1.0
18304562,4.2,-1.0
18304590,4.3,-1.0
18305279,4.3,-1.0
18306099,4.1,-1.0
18306393,4.17,-1.0
18306656,4.13,-1.0
18306682,4.25,-1.0
18306721,3.92,-1.0
18306770,3.7,-1.0
18306825,4.29,-1.0
18306827,4.07,-1.0
18307292,3.45,-1.0
18307293,3.93,-1.0
18307300,4.17,-1.0
18307305,4.2,-1.0
18307555,4.2,-1.0
18307578,4.1,-1.0
18307679,3.91,-1.0
18307862,4.18,-1.0
18307869,4.0,-1.0
18308242,3.8,-1.0
18308302,3.58,-1.0
18308643,4.08,-1.0
18308645,4.25,-1.0
18308725,4.09,-1.0
18308753,4.15,-1.0
18308915,4.21,-1.0
18308932,4.2,-1.0
18309199,4.25,-1.0
18309215,4.0,-1.0
18309242,4.29,-1.0
18310018,4.08,-1.0
18310353,4.25,-1.0
18310490,4.1,-1.0
18311234,3.45,-1.0
18311353,3.92,-1.0
18311364,4.0,-1.0
18311401,4.22,-1.0
18311406,4.0,-1.0
18311425,3.89,-1.0
18311594,4.13,-1.0
18311736,3.63,-1.0
18311867,4.22,-1.0
18312024,4.18,-1.0
18312661,3.86,-1.0
18312676,4.18,-1.0
18313131,4.0,-1.0
18313173,4.09,-1.0
18313403,4.27,-1.0
18313410,4.2,-1.0
18313412,4.14,-1.0
18313481,4.09,-1.0
18313484,4.2,-1.0
18313561,4.14,-1.0
18313967,3.7,-1.0
18314855,4.2,-1.0
18315020,3.5,-1.0
18315209,4.1,-1.0
18315403,4.17,-1.0
18316177,4.0,-1.0
18316241,4.0,-1.0
18316326,3.8,-1.0
18316422,3.6,-1.0
18316490,3.33,-1.0
18316691,3.78,-1.0
18317079,3.83,-1.0
18317081,3.86,-1.0
18317130,4.29,-1.0
18317674,3.73,-1.0
18318054,3.86,-1.0
18318110,3.71,-1.0
18318402,4.14,-1.0
18318683,3.8,-1.0
18318915,4.22,-1.0
18319313,4.09,-1.0
1948226,6.47,1.0
1963124,6.39,1.0
1978874,6.04,1.0
2388336,6.05,1.0
2471743,6.3,1.0
2522699,6.22,1.0
2538052,6.37,1.0
2549882,6.4,1.0
2550837,6.41,1.0
2551167,6.24,1.0
2558854,6.07,1.0
2561429,6.57,1.0
2564376,6.04,1.0
2568309,6.25,1.0
2572191,6.33,1.0
2572541,6.24,1.0
2575938,6.49,1.0
2578676,6.32,1.0
2601373,6.3,1.0
2608164,6.53,1.0
2619509,6.27,1.0
2619989,6.12,1.0
2624379,6.14,1.0
2627727,6.17,1.0
2629815,6.44,1.0
2641296,6.49,1.0
2643215,6.43,1.0
2644680,6.28,1.0
2649217,6.45,1.0
2655163,6.33,1.0
2658439,6.25,1.0
2663754,6.38,1.0
2665201,6.52,1.0
2666400,6.62,1.0
2668077,6.49,1.0
2671904,6.27,1.0
2673414,6.27,1.0
2677383,6.49,1.0
2678337,6.39,1.0
2680155,6.33,1.0
2686944,6.25,1.0
2687065,6.28,1.0
2689588,6.0,1.0
2690146,6.32,1.0
2692654,6.0,1.0
2693738,6.27,1.0
2699751,6.24,1.0
2703010,6.29,1.0
2703850,6.33,1.0
2706459,6.25,1.0
2706758,6.38,1.0
2707300,6.29,1.0
2709805,6.07,1.0
2712147,6.0,1.0
2713838,6.35,1.0
2717772,6.26,1.0
2719676,6.28,1.0
2719884,6.31,1.0
2723844,6.46,1.0
2728548,6.33,1.0
2736367,6.27,1.0
2739106,6.32,1.0
2745335,6.06,1.0
2749652,6.24,1.0
2750307,6.38,1.0
2753242,6.43,1.0
2755064,6.26,1.0
2755172,6.25,1.0
2758058,6.25,1.0
2767643,6.29,1.0
2775144,6.11,1.0
2777086,6.29,1.0
2777337,6.4,1.0
2782724,6.03,1.0
2784506,6.29,1.0
2786060,6.31,1.0
2790413,6.24,1.0
2793239,6.31,1.0
2794250,6.4,1.0
2798991,6.29,1.0
2805530,6.57,1.0
2805930,6.08,1.0
2810883,6.42,1.0
2813520,6.47,1.0
2813762,6.49,1.0
2813831,6.2,1.0
2817544,6.45,1.0
2817812,6.5,1.0
2817818,6.3,1.0
2818349,6.37,1.0
2821298,6.28,1.0
2822553,6.11,1.0
2826013,6.24,1.0
2837433,6.07,1.0
2841861,6.24,1.0
2842047,6.14,1.0
2844018,6.32,1.0
2851286,6.25,1.0
2855146,6.42,1.0
2855435,6.29,1.0
2855576,6.27,1.0
2858397,6.45,1.0
2859725,6.13,1.0
2863719,6.26,1.0
2871536,6.49,1.0
2882302,6.26,1.0
2891426,6.33,1.0
2892646,6.29,1.0
2895389,6.32,1.0
2898277,6.31,1.0
2898494,6.36,1.0
2902944,6.3,1.0
2903018,6.43,1.0
2903021,6.52,1.0
2905813,6.0,1.0
2907463,6.54,1.0
2909745,6.17,1.0
2913127,6.46,1.0
2913171,6.33,1.0
2913990,6.27,1.0
2925834,6.23,1.0
2927539,6.47,1.0
2938807,6.53,1.0
2941672,6.19,1.0
2945926,6.48,1.0
2948742,6.29,1.0
2949668,6.12,1.0
2953014,6.26,1.0
2956020,6.38,1.0
2957235,6.53,1.0
2957503,6.02,1.0
2958372,6.45,1.0
2960014,6.03,1.0
2960841,6.27,1.0
2962613,6.43,1.0
2963464,6.26,1.0
2966673,6.29,1.0
2968244,6.32,1.0
2968577,6.38,1.0
2971489,6.33,1.0
2972953,6.48,1.0
2976750,6.27,1.0
2978398,6.3,1.0
2980857,6.32,1.0
2982714,6.23,1.0
2983959,6.22,1.0
2984070,6.36,1.0
2984369,6.28,1.0
2985278,6.38,1.0
2985668,6.61,1.0
2987414,6.29,1.0
2988483,6.32,1.0
2989826,6.25,1.0
2992762,6.31,1.0
2993339,6.28,1.0
2999376,6.37,1.0
3001759,6.15,1.0
3002291,6.25,1.0
3002392,6.3,1.0
3004577,6.33,1.0
3004984,6.24,1.0
3005511,6.27,1.0
3006461,6.28,1.0
3007420,6.26,1.0
3013132,6.46,1.0
3014927,6.08,1.0
3015913,6.17,1.0
3016238,6.08,1.0
3017936,6.61,1.0
3020013,6.5,1.0
3020466,6.37,1.0
3021401,6.29,1.0
3021722,6.3,1.0
3021788,6.33,1.0
3022095,6.25,1.0
3024891,6.36,1.0
3025044,6.34,1.0
3026268,6.3,1.0
3027671,6.32,1.0
3027936,6.36,1.0
3028816,6.33,1.0
3028978,6.37,1.0
3029577,6.24,1.0
3030748,6.35,1.0
3031011,6.29,1.0
3032400,6.4,1.0
3032457,6.09,1.0
3032921,6.25,1.0
3034320,6.3,1.0
3034357,6.38,1.0
3036334,6.39,1.0
3036428,6.36,1.0
3044724,6.25,1.0
3045897,6.49,1.0
3049226,6.37,1.0
3052611,6.37,1.0
3055747,6.32,1.0
3057118,6.38,1.0
3057167,6.25,1.0
3060114,6.37,1.0
3063316,6.36,1.0
3065370,6.47,1.0
3065494,6.44,1.0
3067535,6.48,1.0
3072236,6.1,1.0
3074074,6.55,1.0
3075927,6.36,1.0
3076914,6.25,1.0
3079560,6.42,1.0
3081406,6.24,1.0
3081568,6.37,1.0
3083493,6.49,1.0
3083651,6.54,1.0
3083744,6.6,1.0
3084694,6.31,1.0
3084707,6.25,1.0
3085170,6.38,1.0
3088851,6.17,1.0
3090024,6.54,1.0
3095592,6.35,1.0
3097162,6.46,1.0
3097244,6.36,1.0
3100887,6.36,1.0
3102100,6.37,1.0
3102293,6.28,1.0
3102593,6.27,1.0
3103673,6.55,1.0
3104398,6.3,1.0
3107477,6.02,1.0
3110954,6.31,1.0
3111709,6.42,1.0
3112032,6.31,1.0
3112806,6.45,1.0
3116670,6.44,1.0
3117351,6.4,1.0
3120355,6.29,1.0
3123923,6.35,1.0
3124170,6.49,1.0
3124982,6.26,1.0
3128809,6.51,1.0
3133844,6.45,1.0
3134804,6.12,1.0
3138841,6.29,1.0
3139197,6.57,1.0
3142248,6.54,1.0
3145671,6.25,1.0
3145775,6.26,1.0
3149053,6.28,1.0
3152124,6.45,1.0
3152284,6.38,1.0
3153216,6.6,1.0
3154222,6.36,1.0
3155271,6.53,1.0
3155307,6.48,1.0
3160552,6.46,1.0
3162629,6.58,1.0
3162979,6.25,1.0
3163132,6.28,1.0
3163459,6.71,1.0
3165519,6.25,1.0
3169010,6.25,1.0
3171227,6.12,1.0
3171464,6.38,1.0
3176862,6.54,1.0
3178160,6.42,1.0
3179908,6.46,1.0
3181548,6.31,1.0
3182999,6.59,1.0
3184224,6.32,1.0
3187647,6.28,1.0
3188015,6.35,1.0
3196110,6.27,1.0
3196189,6.41,1.0
3199623,6.25,1.0
3201258,6.12,1.0
3206375,6.65,1.0
3208998,6.24,1.0
3215110,6.17,1.0
3217965,6.3,1.0
3218065,6.6,1.0
3219010,6.27,1.0
3219498,6.27,1.0
3220879,6.36,1.0
3221291,6.23,1.0
3223214,6.31,1.0
3229760,6.28,1.0
3230444,6.51,1.0
3239646,6.58,1.0
3239756,6.31,1.0
3241828,6.24,1.0
3242819,6.03,1.0
3245291,6.37,1.0
3250797,6.33,1.0
3250848,6.31,1.0
3258803,6.16,1.0
3260545,6.43,1.0
3260750,6.26,1.0
3265929,6.42,1.0
3266149,6.6,1.0
3269697,6.25,1.0
3270999,6.29,1.0
3271660,6.25,1.0
3272516,6.34,1.0
3273182,6.25,1.0
3273262,6.36,1.0
3274724,6.3,1.0
3276402,6.25,1.0
3277597,6.39,1.0
3278807,6.42,1.0
3283037,6.25,1.0
3285615,6.32,1.0
3286734,6.39,1.0
3290027,6.0,1.0
3291745,6.16,1.0
3291920,6.29,1.0
3292451,6.3,1.0
3294074,6.48,1.0
3296166,6.25,1.0
3297894,6.23,1.0
3298685,6.32,1.0
3299285,6.18,1.0
3302962,6.29,1.0
3304469,6.36,1.0
3305266,6.33,1.0
3306266,6.5,1.0
3310778,6.43,1.0
3314455,6.32,1.0
3314835,6.29,1.0
3315470,6.29,1.0
3316861,6.61,1.0
3317723,6.28,1.0
3319239,6.24,1.0
3321125,6.27,1.0
3321199,6.24,1.0
3330892,6.43,1.0
3330950,6.46,1.0
3331165,6.48,1.0
3337324,6.27,1.0
3337737,6.0,1.0
3339535,6.27,1.0
3340711,6.33,1.0
3341563,6.03,1.0
3343188,6.13,1.0
3347867,6.46,1.0
3348178,6.32,1.0
3348187,6.48,1.0
3348373,6.44,1.0
3348731,6.43,1.0
3351468,6.46,1.0
3353376,6.44,1.0
3354677,6.38,1.0
3356322,6.47,1.0
3356922,6.44,1.0
3364855,6.45,1.0
3365076,6.27,1.0
3365929,6.29,1.0
3367688,6.02,1.0
3368386,6.37,1.0
3377128,6.37,1.0
3377809,6.24,1.0
3378679,6.53,1.0
3381393,6.42,1.0
3384994,6.33,1.0
3392148,6.53,1.0
3392271,6.44,1.0
3405715,6.24,1.0
3407016,6.25,1.0
3409821,6.36,1.0
3412507,6.13,1.0
3413566,6.12,1.0
3418091,6.65,1.0
3419183,6.25,1.0
3419364,6.09,1.0
3422384,6.06,1.0
3425897,6.29,1.0
3430028,6.43,1.0
3431851,6.26,1.0
3433383,6.46,1.0
3433388,6.5,1.0
3433773,6.33,1.0
3436814,6.35,1.0
3437267,6.0,1.0
3438494,6.17,1.0
3438661,6.06,1.0
3439856,6.5,1.0
3440964,6.33,1.0
3441051,6.46,1.0
3442594,6.33,1.0
3443082,6.24,1.0
3444130,6.58,1.0
3446639,6.37,1.0
3446809,6.27,1.0
3450903,6.32,1.0
3453371,6.47,1.0
3454022,6.48,1.0
3454308,6.41,1.0
3455921,6.52,1.0
3456167,6.43,1.0
3460005,6.26,1.0
3464955,6.47,1.0
3467284,6.3,1.0
3467638,6.42,1.0
3467800,6.33,1.0
3472479,6.28,1.0
3473595,6.28,1.0
3485862,6.39,1.0
3488152,6.35,1.0
3492268,6.33,1.0
3493581,6.52,1.0
3494626,6.27,1.0
3496150,6.4,1.0
3497582,6.21,1.0
3498336,6.44,1.0
3499123,6.36,1.0
3499241,6.39,1.0
3501553,6.32,1.0
3503321,6.41,1.0
3503873,6.29,1.0
3504729,6.51,1.0
3509005,6.24,1.0
3509874,6.23,1.0
3512118,6.41,1.0
3515013,6.55,1.0
3515242,6.48,1.0
3515786,6.45,1.0
3515876,6.44,1.0
3516250,6.75,1.0
3516261,6.36,1.0
3519948,6.57,1.0
3522706,6.25,1.0
3524981,6.26,1.0
3527959,6.31,1.0
3528084,6.01,1.0
3531182,6.39,1.0
3531324,6.26,1.0
3531349,6.22,1.0
3531369,6.34,1.0
3531773,6.25,1.0
3533819,6.35,1.0
3534690,6.51,1.0
3536105,6.13,1.0
3538130,6.5,1.0
3540391,6.26,1.0
3542885,6.69,1.0
3543636,6.33,1.0
3545416,6.23,1.0
3547558,6.35,1.0
3547825,6.3,1.0
3548147,6.59,1.0
3550091,6.53,1.0
3550693,6.46,1.0
3551928,6.28,1.0
3557487,6.39,1.0
3559038,6.24,1.0
3559348,6.28,1.0
3560220,6.22,1.0
3560513,6.25,1.0
3560538,6.28,1.0
3560659,6.46,1.0
3561776,6.32,1.0
3563556,6.54,1.0
3564489,6.46,1.0
3564828,6.67,1.0
3564841,6.58,1.0
3565341,6.08,1.0
3567396,6.45,1.0
3568043,6.28,1.0
3568077,6.29,1.0
3569901,6.45,1.0
3572264,6.53,1.0
3577171,6.51,1.0
3578805,6.24,1.0
3580577,6.29,1.0
3584296,6.44,1.0
3587670,6.27,1.0
3589468,6.36,1.0
3590766,6.62,1.0
3592105,6.35,1.0
3595578,6.29,1.0
3595588,6.63,1.0
3605322,6.31,1.0
3614889,6.64,1.0
3618464,6.0,1.0
3620048,6.25,1.0
3623484,6.62,1.0
3624316,6.58,1.0
3626264,6.05,1.0
3627979,6.11,1.0
3632049,6.17,1.0
3637997,6.68,1.0
3640463,6.49,1.0
3657708,6.45,1.0
3658083,6.28,1.0
3660017,6.04,1.0
3663702,6.45,1.0
3664048,6.27,1.0
3666329,6.55,1.0
3667691,6.2,1.0
3669544,6.7,1.0
3676253,6.38,1.0
3677368,6.37,1.0
3679483,6.54,1.0
3679594,6.29,1.0
3682111,6.49,1.0
3691948,6.22,1.0
3693599,6.42,1.0
3694134,6.55,1.0
3699740,6.54,1.0
3700137,6.02,1.0
3701866,6.46,1.0
3701976,6.56,1.0
3704046,6.08,1.0
3704418,6.21,1.0
3705678,6.25,1.0
3710097,6.42,1.0
3710850,6.48,1.0
3713495,6.17,1.0
3723558,6.58,1.0
3726150,6.36,1.0
3726625,6.29,1.0
3730339,6.25,1.0
3730959,6.25,1.0
3731182,6.33,1.0
3731361,6.43,1.0
3739383,6.09,1.0
3743900,6.46,1.0
3745396,6.25,1.0
3745923,6.42,1.0
3746596,6.3,1.0
3748181,6.0,1.0
3749125,6.54,1.0
3751206,6.37,1.0
3756598,6.15,1.0
3759603,6.44,1.0
3760921,6.38,1.0
3763531,6.27,1.0
3767028,6.15,1.0
3767920,6.26,1.0
3769425,6.27,1.0
3769817,6.48,1.0
3773963,6.49,1.0
3774171,6.29,1.0
3776891,6.0,1.0
3778148,6.28,1.0
3779074,6.11,1.0
3779145,6.32,1.0
3781239,6.59,1.0
3781691,6.55,1.0
3782531,6.25,1.0
3782836,6.5,1.0
3786847,3.9,-1.0
3786925,6.1,1.0
3788178,6.54,1.0
3790087,6.38,1.0
3795067,6.3,1.0
3795320,6.12,1.0
3796405,6.47,1.0
3796720,6.25,1.0
3796850,6.3,1.0
3799160,6.5,1.0
3799440,6.44,1.0
3799764,6.49,1.0
3800092,6.6,1.0
3800284,6.54,1.0
3800487,6.44,1.0
3803202,6.26,1.0
3808431,6.24,1.0
3811252,6.0,1.0
3812931,6.48,1.0
3813111,6.23,1.0
3813214,6.04,1.0
3814866,6.34,1.0
3815734,6.37,1.0
3816227,6.27,1.0
3816487,6.31,1.0
3818291,6.13,1.0
3820596,6.2,1.0
3824955,6.49,1.0
3825033,6.49,1.0
3825334,6.29,1.0
3825664,6.29,1.0
3832148,6.24,1.0
3834321,6.4,1.0
3835890,6.31,1.0
3836407,6.47,1.0
3841777,6.38,1.0
3844921,6.26,1.0
3848032,6.27,1.0
3850469,6.46,1.0
3852218,6.38,1.0
3853758,6.25,1.0
3854246,6.33,1.0
3859164,6.04,1.0
3859866,6.38,1.0
3860146,6.27,1.0
3863745,6.38,1.0
3864784,6.2,1.0
3865954,6.26,1.0
3874600,6.41,1.0
3875966,6.28,1.0
3876143,6.27,1.0
3877996,6.26,1.0
3882711,6.5,1.0
3883129,6.04,1.0
3885075,6.4,1.0
3891932,6.44,1.0
3892639,6.34,1.0
3893287,6.56,1.0
3893521,6.4,1.0
3896065,6.53,1.0
3897520,6.14,1.0
3897918,6.33,1.0
3898637,6.42,1.0
3901670,6.51,1.0
3902626,6.3,1.0
3903816,6.58,1.0
3904175,6.27,1.0
3906321,6.5,1.0
3906739,6.61,1.0
3907550,6.31,1.0
3909796,6.32,1.0
3909827,6.25,1.0
3912034,6.29,1.0
3912065,6.38,1.0
3912537,6.47,1.0
3915504,6.29,1.0
3916894,6.25,1.0
3917239,6.28,1.0
3919216,6.55,1.0
3920396,6.3,1.0
3920829,6.29,1.0
3922084,6.24,1.0
3927992,6.27,1.0
3929152,6.45,1.0
3929904,6.33,1.0
3930297,6.54,1.0
3930774,6.47,1.0
3931481,6.15,1.0
3932615,6.63,1.0
3934102,6.5,1.0
3936205,6.35,1.0
3939601,6.42,1.0
3940842,6.29,1.0
3941603,6.06,1.0
3941849,6.3,1.0
3947179,6.35,1.0
3947321,6.04,1.0
3949398,6.03,1.0
3950940,6.34,1.0
3953546,6.27,1.0
3956633,6.37,1.0
3956665,6.27,1.0
3957586,6.31,1.0
3959450,6.29,1.0
3966948,6.26,1.0
3967366,6.46,1.0
3968976,6.37,1.0
3974838,6.25,1.0
3976735,6.71,1.0
3977482,6.45,1.0
3977501,6.62,1.0
3977538,6.4,1.0
3977598,6.35,1.0
3981347,6.38,1.0
3987970,6.55,1.0
3988249,6.46,1.0
3989735,6.41,1.0
3991371,6.35,1.0
3991956,6.25,1.0
3992346,6.39,1.0
3998470,6.55,1.0
4000189,6.33,1.0
4010986,6.54,1.0
4014949,6.42,1.0
4016141,6.38,1.0
4016353,6.44,1.0
4017335,6.3,1.0
4017454,6.63,1.0
4019055,6.27,1.0
4022077,6.56,1.0
4024027,6.47,1.0
4025317,6.57,1.0
4025729,6.13,1.0
4027380,6.38,1.0
4030243,6.25,1.0
4030290,6.11,1.0
4030398,6.65,1.0
4030726,6.33,1.0
4030998,6.33,1.0
4031506,6.08,1.0
4034081,6.54,1.0
4035456,6.28,1.0
4035588,6.55,1.0
4038345,6.29,1.0
4038371,6.54,1.0
4041166,6.3,1.0
4041206,6.23,1.0
4041982,6.28,1.0
4042169,6.51,1.0
4043550,6.3,1.0
4043888,6.34,1.0
4044187,6.49,1.0
4046827,6.64,1.0
4051659,6.3,1.0
4057777,6.0,1.0
4060585,6.45,1.0
4061462,6.19,1.0
4061632,6.1,1.0
4062085,6.54,1.0
4062378,6.29,1.0
4063996,6.36,1.0
4066873,6.28,1.0
4067354,6.33,1.0
4068007,6.25,1.0
4070288,6.58,1.0
4071689,6.39,1.0
4075489,6.6,1.0
4077139,6.01,1.0
4077146,6.53,1.0
4082142,6.03,1.0
4083938,6.54,1.0
4084205,6.59,1.0
4084263,6.14,1.0
4086960,6.41,1.0
4087363,6.24,1.0
4088245,6.32,1.0
4089841,6.33,1.0
4089852,6.29,1.0
4091448,6.45,1.0
4091559,6.4,1.0
4092509,6.39,1.0
4092951,6.53,1.0
4094659,6.5,1.0
4095131,6.75,1.0
4096842,6.0,1.0
4097409,6.57,1.0
4097642,6.55,1.0
4102432,6.0,1.0
4104323,6.45,1.0
4104526,6.52,1.0
4104634,6.63,1.0
4109681,6.21,1.0
4111707,6.42,1.0
4112295,6.57,1.0
4115589,6.45,1.0
4116823,6.55,1.0
4117129,6.35,1.0
4120814,6.36,1.0
4120912,6.28,1.0
4120962,6.04,1.0
4123507,6.33,1.0
4126767,6.35,1.0
4129029,6.34,1.0
4130518,6.62,1.0
4132460,6.3,1.0
4135692,6.48,1.0
4140827,6.25,1.0
4141309,6.33,1.0
4143674,6.57,1.0
4143841,6.48,1.0
4144199,6.43,1.0
4145121,6.31,1.0
4145134,6.5,1.0
4146486,6.38,1.0
4147649,6.61,1.0
4151600,6.58,1.0
4152944,6.29,1.0
4153901,6.68,1.0
4154522,6.04,1.0
4154523,6.22,1.0
4157187,6.13,1.0
4158310,6.24,1.0
4159498,6.41,1.0
4161798,6.24,1.0
4165251,6.56,1.0
4167685,6.39,1.0
4167764,6.27,1.0
4168319,6.62,1.0
4168943,6.31,1.0
4173463,6.25,1.0
4173555,6.54,1.0
4175994,6.59,1.0
4177236,6.3,1.0
4185317,6.27,1.0
4188341,6.08,1.0
4191667,6.48,1.0
4191928,6.33,1.0
4192009,6.46,1.0
4192227,6.36,1.0
4194482,6.31,1.0
4196739,6.17,1.0
4196826,6.25,1.0
4198898,6.33,1.0
4202128,6.33,1.0
4203435,6.31,1.0
4204945,6.01,1.0
4205276,6.5,1.0
4205632,6.08,1.0
4206067,6.29,1.0
4206333,6.41,1.0
4229128,6.13,1.0
4235972,4.2,-1.0
4239287,6.29,1.0
4250850,6.11,1.0
4270331,6.32,1.0
4280221,6.56,1.0
4302659,6.24,1.0
4311512,6.31,1.0
4318297,6.31,1.0
4345744,6.12,1.0
4346053,6.3,1.0
4353274,6.63,1.0
4400108,4.17,-1.0
4410758,6.23,1.0
4410906,6.03,1.0
4420817,6.44,1.0
4434354,6.08,1.0
4445774,6.27,1.0
4447239,6.35,1.0
4462432,6.25,1.0
4465411,6.26,1.0
4495793,6.13,1.0
4501006,6.25,1.0
4507318,6.25,1.0
4511714,6.66,1.0
4515675,6.34,1.0
4522001,6.36,1.0
4545173,6.38,1.0
4560470,6.47,1.0
4562804,6.36,1.0
4563173,6.31,1.0
4569601,6.33,1.0
4572377,6.4,1.0
4572603,6.04,1.0
4583636,6.29,1.0
4587021,6.25,1.0
4594083,6.35,1.0
4600347,6.04,1.0
4609263,6.25,1.0
4613889,6.46,1.0
4622110,6.62,1.0
4624786,6.29,1.0
4633343,6.27,1.0
4636057,6.25,1.0
4636199,6.28,1.0
4637368,6.29,1.0
4645882,6.26,1.0
4657610,6.08,1.0
4659213,6.13,1.0
4659238,6.3,1.0
4662668,6.38,1.0
4664988,6.3,1.0
4667211,6.29,1.0
4670485,6.24,1.0
4713452,6.28,1.0
4729174,6.26,1.0
4730331,6.46,1.0
4743389,6.08,1.0
4748732,6.24,1.0
4756589,6.31,1.0
4757663,6.06,1.0
4772592,6.13,1.0
4777035,6.24,1.0
4779835,6.32,1.0
4780857,6.0,1.0
4788865,6.35,1.0
4793654,6.6,1.0
4801496,6.4,1.0
4824979,6.1,1.0
4829072,6.24,1.0
4832453,6.39,1.0
4832911,6.39,1.0
4834454,6.43,1.0
4837576,6.5,1.0
4837684,6.5,1.0
4841176,6.13,1.0
4846977,6.27,1.0
4847840,6.22,1.0
4880224,6.48,1.0
4903635,6.27,1.0
4912891,6.35,1.0
4925304,6.26,1.0
4927273,6.58,1.0
4933383,6.03,1.0
4944086,6.06,1.0
4953887,6.02,1.0
4958224,6.49,1.0
4958598,6.27,1.0
4973250,6.22,1.0
4973981,6.4,1.0
4979505,6.19,1.0
4981933,6.08,1.0
4990358,6.46,1.0
4994161,6.33,1.0
4997550,6.25,1.0
5001627,6.33,1.0
5004860,6.54,1.0
5011226,6.14,1.0
5023650,6.36,1.0
5034570,6.43,1.0
5035201,6.0,1.0
5043087,6.24,1.0
5045083,6.59,1.0
5048702,6.25,1.0
5048804,6.56,1.0
5052403,6.0,1.0
5097004,6.28,1.0
5104309,6.55,1.0
5109041,6.04,1.0
5119875,6.5,1.0
5133450,6.14,1.0
5139209,6.0,1.0
5141684,6.29,1.0
5145567,6.14,1.0
5148839,6.11,1.0
5178975,6.5,1.0
5188038,6.17,1.0
5197832,6.44,1.0
5207857,6.5,1.0
5207951,6.17,1.0
5212406,6.33,1.0
5215241,6.33,1.0
5215528,6.5,1.0
5218150,6.13,1.0
5218169,6.4,1.0
5234292,6.11,1.0
5238949,6.31,1.0
5239495,6.23,1.0
5241676,6.34,1.0
5248521,6.0,1.0
5252574,6.6,1.0
5264528,6.3,1.0
5268924,6.35,1.0
5274955,6.41,1.0
5275171,6.0,1.0
5275763,6.3,1.0
5279368,6.6,1.0
5281798,6.29,1.0
5282585,3.71,-1.0
5294972,6.34,1.0
5297534,6.25,1.0
5299591,6.0,1.0
5300850,6.63,1.0
5308128,6.63,1.0
5309844,6.33,1.0
5309850,6.3,1.0
5311082,6.38,1.0
5312040,6.0,1.0
5313460,6.29,1.0
5314585,6.56,1.0
5320653,6.28,1.0
5322639,6.3,1.0
5329551,6.1,1.0
5336587,6.24,1.0
5346229,6.32,1.0
5347463,6.26,1.0
5349678,6.14,1.0
5366522,6.25,1.0
5375894,6.27,1.0
5405943,6.26,1.0
5406666,6.38,1.0
5409647,6.47,1.0
5413512,6.19,1.0
5415437,6.38,1.0
5423032,6.29,1.0
5430239,6.36,1.0
5434433,6.08,1.0
5440352,6.46,1.0
5452986,6.19,1.0
5461903,6.38,1.0
5466696,6.04,1.0
5467392,6.02,1.0
5468188,6.07,1.0
5468407,6.52,1.0
5468567,6.55,1.0
5486298,6.42,1.0
5488303,6.54,1.0
5488367,6.54,1.0
5488840,6.44,1.0
5489151,6.08,1.0
5489182,6.08,1.0
5490698,6.29,1.0
5491228,6.4,1.0
5494985,6.32,1.0
5502761,6.29,1.0
5509759,6.39,1.0
5512275,6.0,1.0
5517322,6.21,1.0
5525285,6.2,1.0
5526540,6.05,1.0
5526577,6.38,1.0
5526695,6.01,1.0
5530362,6.21,1.0
5530376,6.0,1.0
5532078,3.11,-1.0
5534945,6.29,1.0
5535384,6.43,1.0
5537311,6.3,1.0
5537536,6.43,1.0
5538796,6.22,1.0
5538801,6.41,1.0
5542372,6.38,1.0
5542402,6.25,1.0
5554084,6.14,1.0
5554096,6.37,1.0
5557106,6.55,1.0
5560349,6.26,1.0
5561785,6.25,1.0
5568409,6.34,1.0
5569145,6.5,1.0
5571106,6.06,1.0
5578051,6.69,1.0
5579089,6.27,1.0
5581740,6.1,1.0
5582768,6.38,1.0
5583463,6.26,1.0
5588757,6.3,1.0
5590081,6.35,1.0
5596218,6.07,1.0
5600366,6.0,1.0
5601230,6.29,1.0
5602288,6.33,1.0
5605859,6.69,1.0
5612566,6.58,1.0
5615902,6.03,1.0
5624712,6.03,1.0
5629620,6.42,1.0
5629989,6.54,1.0
5635028,6.48,1.0
5637314,6.36,1.0
5640449,6.34,1.0
5641906,6.38,1.0
5643171,6.3,1.0
5643888,6.3,1.0
5646710,6.39,1.0
5646714,6.12,1.0
5646867,6.29,1.0
5649440,6.65,1.0
5649456,6.53,1.0
5652041,6.41,1.0
5653674,6.11,1.0
5657892,6.0,1.0
5660222,6.6,1.0
5660324,6.42,1.0
5660753,6.26,1.0
5667658,6.29,1.0
5669111,6.65,1.0
5671740,6.31,1.0
5678651,6.47,1.0
5679719,6.38,1.0
5687717,6.36,1.0
5692641,6.12,1.0
5696955,6.49,1.0
5706821,6.44,1.0
5708482,6.49,1.0
5715972,6.0,1.0
5719202,6.18,1.0
5719748,6.22,1.0
5720175,6.53,1.0
5720607,6.28,1.0
5724374,6.33,1.0
5725626,6.36,1.0
5725690,6.36,1.0
5730880,6.35,1.0
5733788,6.25,1.0
5736862,6.07,1.0
5737410,6.0,1.0
5739713,6.29,1.0
5740667,6.33,1.0
5748477,6.54,1.0
5750764,6.33,1.0
5750859,6.46,1.0
5753590,6.35,1.0
5756627,6.36,1.0
5756717,6.26,1.0
5762414,6.38,1.0
5766570,6.42,1.0
5768252,6.27,1.0
5772998,6.42,1.0
5775038,6.0,1.0
5776205,6.43,1.0
5776451,6.28,1.0
5779762,6.33,1.0
5780923,6.35,1.0
5789783,6.0,1.0
5792126,6.25,1.0
5801570,6.34,1.0
5804794,6.1,1.0
5804922,6.45,1.0
5819235,6.25,1.0
5819239,6.03,1.0
5825451,6.36,1.0
5825472,6.3,1.0
5825514,6.25,1.0
5828384,6.25,1.0
5829065,6.33,1.0
5830754,6.03,1.0
5840908,6.24,1.0
5844802,6.25,1.0
5852268,6.4,1.0
5868841,6.26,1.0
5873045,6.55,1.0
5882261,6.35,1.0
5888043,6.31,1.0
5890477,6.49,1.0
5891016,6.34,1.0
5893010,6.17,1.0
5894405,6.07,1.0
5899539,6.17,1.0
5902244,6.33,1.0
5910665,6.27,1.0
5914881,6.24,1.0
5916170,6.0,1.0
5918320,4.2,-1.0
5919480,6.24,1.0
5919682,6.65,1.0
5919732,6.36,1.0
5920772,6.31,1.0
5923327,6.25,1.0
5923994,6.08,1.0
5928785,6.28,1.0
5932954,6.02,1.0
5935220,6.45,1.0
5936836,6.3,1.0
5939694,6.44,1.0
5940340,6.64,1.0
5944414,6.59,1.0
5946437,6.04,1.0
5950105,6.02,1.0
5950366,6.5,1.0
5951234,6.04,1.0
5951983,6.42,1.0
5954854,6.31,1.0
5958442,6.24,1.0
5958553,6.39,1.0
5960557,6.38,1.0
5964668,6.34,1.0
5967666,6.25,1.0
5968623,6.36,1.0
5968644,6.45,1.0
5970288,6.5,1.0
5970786,6.39,1.0
5973180,6.3,1.0
5973385,6.36,1.0
5974353,6.1,1.0
5979250,6.25,1.0
5982624,6.29,1.0
5984493,6.33,1.0
5988253,6.46,1.0
5990455,6.2,1.0
5991072,6.31,1.0
5994561,6.26,1.0
6000879,6.28,1.0
6003301,6.3,1.0
6007937,6.0,1.0
6009031,6.29,1.0
6016532,6.33,1.0
6025432,6.31,1.0
6031609,6.32,1.0
6036609,6.38,1.0
6038679,6.27,1.0
6039038,6.25,1.0
6041585,6.0,1.0
6044183,6.38,1.0
6049059,6.33,1.0
6049151,6.25,1.0
6050281,6.02,1.0
6051139,6.0,1.0
6051141,6.75,1.0
6054042,6.47,1.0
6055318,6.54,1.0
6056502,6.0,1.0
6056519,6.08,1.0
6056867,6.28,1.0
6060800,6.47,1.0
6060828,6.1,1.0
6062836,6.06,1.0
6066765,6.25,1.0
6067117,6.05,1.0
6068657,6.39,1.0
6070078,6.17,1.0
6070359,6.3,1.0
6071381,6.3,1.0
6072405,6.53,1.0
6074218,6.26,1.0
6074342,6.45,1.0
6074616,6.07,1.0
6075539,6.5,1.0
6076195,6.27,1.0
6078951,6.31,1.0
6080047,6.42,1.0
6080148,6.45,1.0
6083653,6.4,1.0
6084769,6.14,1.0
6090843,6.3,1.0
6092504,6.14,1.0
6097200,6.44,1.0
6099866,6.3,1.0
6099868,6.42,1.0
6101969,6.34,1.0
6102804,6.1,1.0
6104454,6.32,1.0
6106044,6.44,1.0
6106205,6.38,1.0
6106677,6.27,1.0
6107678,6.28,1.0
6108292,6.05,1.0
6108324,6.35,1.0
6112820,6.06,1.0
6114180,6.06,1.0
6114561,6.57,1.0
6115531,6.3,1.0
6119386,6.23,1.0
6120040,6.39,1.0
6120446,6.33,1.0
6125385,6.25,1.0
6127828,6.76,1.0
6135737,6.0,1.0
6138684,6.46,1.0
6140289,6.62,1.0
6141233,6.49,1.0
6145151,6.27,1.0
6145761,6.3,1.0
6148738,6.27,1.0
6149980,6.25,1.0
6150041,6.18,1.0
6152573,6.3,1.0
6157362,6.14,1.0
6164825,6.25,1.0
6168534,6.38,1.0
6170884,6.25,1.0
6170980,6.27,1.0
6171219,6.27,1.0
6172301,6.04,1.0
6174698,6.6,1.0
6182815,6.37,1.0
6188949,6.29,1.0
6190599,6.0,1.0
6192086,6.33,1.0
6194997,6.27,1.0
6195177,6.46,1.0
6195179,6.32,1.0
6197038,6.12,1.0
6197724,6.29,1.0
6197736,6.38,1.0
6198274,6.12,1.0
6201384,6.32,1.0
6209427,6.4,1.0
6212425,6.46,1.0
6212996,6.29,1.0
6213607,6.25,1.0
6213818,6.14,1.0
6220196,6.5,1.0
6229394,6.32,1.0
6238476,6.41,1.0
6238809,6.28,1.0
6239948,6.17,1.0
6241178,6.45,1.0
6242511,6.3,1.0
6243617,6.3,1.0
6246636,6.71,1.0
6247647,6.27,1.0
6250077,6.39,1.0
6251227,6.25,1.0
6253699,6.34,1.0
6254652,6.26,1.0
6254743,6.27,1.0
6255325,6.28,1.0
6259574,6.36,1.0
6269114,6.34,1.0
6282488,6.58,1.0
6286120,6.53,1.0
6288901,6.06,1.0
6292388,6.42,1.0
6292461,6.24,1.0
6292769,6.3,1.0
6296218,6.42,1.0
6297598,6.36,1.0
6304066,6.46,1.0
6306093,6.23,1.0
6316576,6.0,1.0
6317353,6.27,1.0
6322404,6.03,1.0
6323105,6.45,1.0
6328134,6.33,1.0
6330472,6.15,1.0
6332141,6.27,1.0
6333409,6.09,1.0
6334185,6.29,1.0
6334616,6.25,1.0
6338903,6.37,1.0
6340744,6.23,1.0
6345438,6.24,1.0
6346130,6.36,1.0
6346995,6.46,1.0
6353385,6.67,1.0
6356140,6.41,1.0
6357919,6.27,1.0
6362508,6.04,1.0
6362514,6.0,1.0
6363795,6.0,1.0
6366393,6.37,1.0
6366951,6.32,1.0
6369038,6.0,1.0
6370719,6.55,1.0
6371111,6.28,1.0
6378392,6.5,1.0
6379451,6.35,1.0
6380428,6.46,1.0
6381220,6.08,1.0
6383592,6.27,1.0
6385211,6.0,1.0
6386350,6.0,1.0
6388745,6.37,1.0
6391577,6.27,1.0
6393971,6.29,1.0
6394925,6.26,1.0
6397708,6.37,1.0
6401047,6.41,1.0
6402656,6.34,1.0
6405972,6.22,1.0
6410447,6.26,1.0
6411930,6.37,1.0
6416499,6.45,1.0
6417090,6.47,1.0
6417510,6.3,1.0
6418001,6.41,1.0
6420334,6.25,1.0
6422279,6.25,1.0
6425121,6.64,1.0
6425299,6.39,1.0
6427648,6.4,1.0
6427780,6.39,1.0
6428594,6.4,1.0
6429407,6.17,1.0
6431678,6.38,1.0
6432671,6.5,1.0
6438201,6.05,1.0
6439368,6.35,1.0
6442717,6.25,1.0
6445049,4.29,-1.0
6445938,6.53,1.0
6446982,6.1,1.0
6447236,6.28,1.0
6451155,6.28,1.0
6451203,6.03,1.0
6452736,6.34,1.0
6454492,6.56,1.0
6455818,6.46,1.0
6456325,6.21,1.0
6456975,6.24,1.0
6459630,6.06,1.0
6459857,6.39,1.0
6463495,6.19,1.0
6467125,6.3,1.0
6467347,6.3,1.0
6468844,6.1,1.0
6468922,6.0,1.0
6471535,6.54,1.0
6471567,6.11,1.0
6473059,6.18,1.0
6474988,6.19,1.0
6479159,6.31,1.0
6479518,6.42,1.0
6485282,6.38,1.0
6487340,6.06,1.0
6487351,6.58,1.0
6490008,6.28,1.0
6491268,6.6,1.0
6492303,6.02,1.0
6494014,6.28,1.0
6494472,6.0,1.0
6497355,6.27,1.0
6498946,6.0,1.0
6499227,6.56,1.0
6500665,6.47,1.0
6502656,6.24,1.0
6503403,6.63,1.0
6503682,6.33,1.0
6507028,6.1,1.0
6507306,6.3,1.0
6507469,6.15,1.0
6507559,6.36,1.0
6508036,6.29,1.0
6509045,6.32,1.0
6510432,6.3,1.0
6512304,6.07,1.0
6514796,6.2,1.0
6514902,6.27,1.0
6514916,6.23,1.0
6515065,6.46,1.0
6517019,6.53,1.0
6522792,6.28,1.0
6525299,6.34,1.0
6531756,6.49,1.0
6535146,6.0,1.0
6537925,6.65,1.0
6542687,6.31,1.0
6545844,6.18,1.0
6546741,6.25,1.0
6547627,6.12,1.0
6548356,6.54,1.0
6551566,6.24,1.0
6552007,6.44,1.0
6552378,6.28,1.0
6552466,6.31,1.0
6554433,6.28,1.0
6556315,6.0,1.0
6557019,6.27,1.0
6558616,6.35,1.0
6566623,6.42,1.0
6570647,6.1,1.0
6573628,6.49,1.0
6578414,6.33,1.0
6583081,6.28,1.0
6590826,4.2,-1.0
6591570,6.01,1.0
6592836,6.28,1.0
6593089,6.23,1.0
6594636,6.03,1.0
6596669,6.07,1.0
6597417,6.26,1.0
6601191,6.26,1.0
6603812,6.67,1.0
6607322,6.26,1.0
6610530,6.24,1.0
6614521,6.26,1.0
6615410,6.28,1.0
6615451,6.29,1.0
6616397,6.22,1.0
6616403,6.5,1.0
6616415,6.42,1.0
6617275,6.57,1.0
6617600,6.61,1.0
6619369,6.38,1.0
6619641,6.52,1.0
6620577,6.18,1.0
6621860,6.42,1.0
6622538,6.26,1.0
6623815,6.11,1.0
6625479,6.35,1.0
6630601,6.31,1.0
6635014,6.35,1.0
6635084,6.57,1.0
6636206,6.48,1.0
6638817,6.58,1.0
6638958,6.57,1.0
6639866,6.47,1.0
6640329,6.37,1.0
6640381,6.34,1.0
6641216,6.36,1.0
6643317,6.49,1.0
6643604,6.39,1.0
6643622,6.4,1.0
6644640,6.7,1.0
6645680,6.15,1.0
6652054,6.25,1.0
6656713,6.32,1.0
6657908,6.28,1.0
6659210,6.39,1.0
6659743,6.5,1.0
6661448,6.37,1.0
6663393,6.09,1.0
6663441,6.39,1.0
6664321,6.48,1.0
6666207,6.08,1.0
6667734,6.38,1.0
6669912,6.0,1.0
6675053,6.46,1.0
6679624,6.43,1.0
6680975,6.3,1.0
6682809,6.25,1.0
6682818,6.59,1.0
6682834,6.37,1.0
6682854,6.3,1.0
6683392,6.03,1.0
6683671,6.5,1.0
6684805,6.25,1.0
6685223,6.36,1.0
6688559,6.59,1.0
6688649,6.41,1.0
6688985,6.24,1.0
6694350,6.5,1.0
6694621,6.34,1.0
6694695,6.3,1.0
6694708,6.38,1.0
6695236,3.71,-1.0
6695324,6.57,1.0
6705702,6.44,1.0
6710060,6.06,1.0
6710136,6.61,1.0
6710412,6.34,1.0
6710417,6.29,1.0
6710614,6.38,1.0
6712629,6.3,1.0
6713180,6.28,1.0
6714270,6.0,1.0
6714684,6.4,1.0
6714780,6.06,1.0
6716122,6.29,1.0
6716244,6.12,1.0
6717410,6.4,1.0
6717457,6.25,1.0
6719354,6.31,1.0
6719540,6.25,1.0
6721096,6.29,1.0
6722065,6.43,1.0
6722614,6.72,1.0
6724807,6.37,1.0
6724812,6.25,1.0
6725596,6.42,1.0
6725744,6.42,1.0
6725783,6.42,1.0
6726152,6.56,1.0
6728296,6.29,1.0
6728427,6.54,1.0
6731286,6.13,1.0
6731456,6.3,1.0
6732617,6.54,1.0
6733008,6.07,1.0
6733824,6.29,1.0
6734404,6.25,1.0
6736675,6.3,1.0
6736704,6.35,1.0
6737625,6.12,1.0
6739302,6.04,1.0
6741487,6.38,1.0
6742763,6.25,1.0
6745571,6.39,1.0
6747558,6.56,1.0
6748094,6.49,1.0
6749041,6.57,1.0
6750339,6.17,1.0
6751232,6.27,1.0
6752563,6.5,1.0
6752967,6.09,1.0
6753360,6.32,1.0
6753833,6.26,1.0
6754774,6.08,1.0
6755417,6.05,1.0
6755672,6.06,1.0
6757798,6.04,1.0
6757943,6.5,1.0
6758935,6.23,1.0
6759057,6.34,1.0
6762742,6.25,1.0
6766152,6.27,1.0
6768734,6.05,1.0
6771917,6.4,1.0
6774015,6.28,1.0
6774214,6.25,1.0
6776003,6.44,1.0
6778398,6.38,1.0
6778802,6.75,1.0
6778809,6.55,1.0
6780705,6.46,1.0
6781135,6.0,1.0
6785489,6.31,1.0
6790389,6.0,1.0
6794921,6.25,1.0
6796237,6.3,1.0
6796254,6.3,1.0
6796347,6.36,1.0
6796362,6.25,1.0
6796670,6.3,1.0
6797265,6.42,1.0
6799710,6.29,1.0
6800490,6.21,1.0
6801418,6.3,1.0
6802488,6.62,1.0
6802991,6.44,1.0
6803466,6.13,1.0
6806433,6.16,1.0
6806843,6.33,1.0
6808139,6.26,1.0
6809803,6.33,1.0
6813623,6.02,1.0
6814423,6.35,1.0
6817608,6.48,1.0
6817837,6.35,1.0
6818782,6.5,1.0
6819057,6.37,1.0
6819213,6.25,1.0
6821172,6.42,1.0
6823563,6.58,1.0
6823571,6.25,1.0
6823769,6.24,1.0
6824569,6.34,1.0
6826404,6.38,1.0
6826780,6.45,1.0
6831737,6.26,1.0
6832888,6.42,1.0
6833745,6.0,1.0
6834174,6.26,1.0
6834786,6.0,1.0
6835224,6.04,1.0
6838492,6.45,1.0
6838716,6.5,1.0
6841518,6.4,1.0
6844529,6.7,1.0
6847956,6.69,1.0
6848592,6.25,1.0
6849228,6.29,1.0
6849402,6.5,1.0
6851174,6.42,1.0
6851630,6.54,1.0
6853527,6.35,1.0
6855695,6.08,1.0
6856079,6.04,1.0
6856512,6.25,1.0
6857765,6.25,1.0
6858810,6.4,1.0
6863238,6.2,1.0
6863283,6.24,1.0
6863867,6.4,1.0
6864220,6.24,1.0
6864271,6.25,1.0
6866058,6.39,1.0
6867510,6.24,1.0
6867523,6.36,1.0
6867850,6.38,1.0
6867982,6.29,1.0
6868103,6.5,1.0
6868109,6.5,1.0
6868451,6.0,1.0
6869255,6.25,1.0
6869668,6.02,1.0
6870937,6.53,1.0
6870978,6.24,1.0
6870980,6.28,1.0
6872496,6.29,1.0
6874010,6.39,1.0
6874408,6.15,1.0
6874633,6.3,1.0
6874842,6.43,1.0
6876572,6.56,1.0
6877735,6.08,1.0
6878091,6.45,1.0
6878343,6.33,1.0
6884007,6.4,1.0
6885116,6.31,1.0
6887026,6.25,1.0
6887040,6.0,1.0
6889405,6.0,1.0
6889412,6.33,1.0
6890917,6.27,1.0
6892019,6.29,1.0
6892033,6.27,1.0
6892793,6.25,1.0
6892795,6.05,1.0
6895791,6.39,1.0
6898978,6.31,1.0
6899897,6.56,1.0
6905237,6.1,1.0
6905342,6.42,1.0
6907328,6.36,1.0
6908088,6.41,1.0
6913492,6.14,1.0
6915576,6.63,1.0
6915994,6.29,1.0
6916834,6.41,1.0
6916966,6.14,1.0
6917389,6.0,1.0
6918185,6.25,1.0
6918412,6.47,1.0
6918519,6.24,1.0
6918651,6.42,1.0
6918971,6.27,1.0
6919248,6.44,1.0
6920874,6.29,1.0
6921207,6.59,1.0
6921291,6.25,1.0
6921415,6.45,1.0
6921860,6.56,1.0
6922070,6.0,1.0
6924586,6.55,1.0
6924661,6.24,1.0
6924782,6.32,1.0
6925376,6.02,1.0
6927389,6.0,1.0
6927770,6.1,1.0
6929598,6.3,1.0
6930040,6.36,1.0
6930391,6.35,1.0
6930448,6.27,1.0
6930652,6.31,1.0
6930729,6.4,1.0
6933263,6.29,1.0
6933301,6.46,1.0
6933522,6.67,1.0
6933528,6.11,1.0
6935655,6.33,1.0
6936047,6.43,1.0
6936261,6.4,1.0
6939244,6.45,1.0
6939726,6.11,1.0
6939823,6.34,1.0
6941848,6.13,1.0
6942020,6.3,1.0
6942044,6.05,1.0
6942151,6.25,1.0
6945760,6.25,1.0
6946132,6.37,1.0
6946140,6.37,1.0
6946307,6.25,1.0
6946709,6.29,1.0
6948180,6.35,1.0
6948611,6.43,1.0
6948769,6.24,1.0
6949017,6.51,1.0
6949144,6.15,1.0
6949536,6.29,1.0
6949595,6.13,1.0
6953709,6.3,1.0
6954428,6.29,1.0
6961140,6.27,1.0
6961638,6.3,1.0
6962984,6.25,1.0
6964384,6.22,1.0
6965076,6.38,1.0
6965182,6.08,1.0
6965857,6.4,1.0
6967628,6.41,1.0
6967655,6.36,1.0
6967880,6.29,1.0
6967927,6.47,1.0
6967956,6.14,1.0
6968272,6.29,1.0
6968628,6.46,1.0
6968725,6.46,1.0
6968831,6.4,1.0
6971312,6.28,1.0
6971971,6.31,1.0
6972496,6.44,1.0
6972734,6.29,1.0
6973823,6.38,1.0
6974238,6.52,1.0
6974702,6.33,1.0
6975250,6.7,1.0
6975373,6.41,1.0
6975391,6.5,1.0
6977355,6.38,1.0
6978065,6.41,1.0
6979423,6.44,1.0
6981778,6.25,1.0
6983698,6.3,1.0
6985010,6.21,1.0
6986209,6.0,1.0
6992359,6.15,1.0
6994427,6.21,1.0
6995488,6.55,1.0
6995569,6.33,1.0
6996574,6.32,1.0
6997289,6.25,1.0
6997426,6.38,1.0
6997448,6.35,1.0
6997874,6.38,1.0
6998248,6.32,1.0
6999117,6.4,1.0
7001060,6.27,1.0
7007702,6.41,1.0
7007838,6.29,1.0
7010221,6.28,1.0
7012619,6.62,1.0
7015072,6.24,1.0
7015241,6.36,1.0
7017630,6.64,1.0
7019262,6.26,1.0
7021112,6.25,1.0
7021537,6.2,1.0
7021931,6.35,1.0
7024056,6.19,1.0
7024059,6.41,1.0
7026641,6.3,1.0
7031907,6.58,1.0
7033503,6.25,1.0
7034247,6.25,1.0
7037070,6.39,1.0
7039349,6.32,1.0
7039984,6.29,1.0
7040062,6.17,1.0
7040587,6.41,1.0
7041466,6.63,1.0
7041602,6.32,1.0
7043116,6.38,1.0
7044997,6.14,1.0
7046421,6.25,1.0
7046719,6.5,1.0
7047146,6.36,1.0
7048478,6.45,1.0
7050399,6.12,1.0
7050890,6.33,1.0
7051253,6.43,1.0
7054047,6.41,1.0
7062428,6.4,1.0
7065939,6.29,1.0
7066821,6.29,1.0
7071887,6.1,1.0
7073420,6.25,1.0
7075421,6.32,1.0
7077052,6.29,1.0
7078306,6.19,1.0
7079029,6.37,1.0
7081193,6.07,1.0
7081409,6.43,1.0
7081586,6.4,1.0
7081658,6.1,1.0
7093390,6.53,1.0
7096299,6.37,1.0
7101335,6.0,1.0
7101440,6.04,1.0
7102020,6.31,1.0
7104238,6.36,1.0
7106207,6.35,1.0
7106919,6.45,1.0
7107288,6.37,1.0
7107425,6.46,1.0
7107449,6.5,1.0
7107591,6.34,1.0
7107597,6.35,1.0
7108601,6.3,1.0
7111746,6.18,1.0
7113056,6.58,1.0
7113594,6.35,1.0
7113926,6.46,1.0
7114797,6.5,1.0
7115308,6.0,1.0
7115351,6.46,1.0
7118209,6.0,1.0
7119069,6.12,1.0
7119874,6.25,1.0
7119901,6.46,1.0
7120714,6.39,1.0
7123146,6.0,1.0
7124971,6.32,1.0
7126743,6.68,1.0
7127780,6.41,1.0
7128026,6.41,1.0
7128782,6.11,1.0
7129019,6.23,1.0
7129030,6.33,1.0
7132628,6.25,1.0
7132672,6.39,1.0
7133121,6.0,1.0
7133472,6.42,1.0
7134117,6.32,1.0
7134565,6.44,1.0
7138948,6.26,1.0
7139098,6.58,1.0
7141214,6.3,1.0
7143123,6.27,1.0
7143137,6.38,1.0
7143184,6.33,1.0
7146508,6.33,1.0
7146837,6.31,1.0
7149868,6.38,1.0
7150989,6.48,1.0
7151011,6.08,1.0
7151090,6.27,1.0
7151775,6.13,1.0
7152267,6.25,1.0
7152524,6.25,1.0
7152676,6.27,1.0
7154349,6.64,1.0
7155160,6.25,1.0
7155708,6.47,1.0
7156226,6.31,1.0
7156503,6.27,1.0
7157336,6.35,1.0
7157349,6.5,1.0
7158440,6.4,1.0
7158708,6.5,1.0
7159342,6.59,1.0
7160127,6.35,1.0
7160560,6.58,1.0
7165956,6.34,1.0
7167036,6.0,1.0
7167507,6.27,1.0
7168804,6.31,1.0
7168879,6.36,1.0
7171353,6.12,1.0
7171381,6.07,1.0
7171425,6.71,1.0
7171836,6.42,1.0
7172187,6.47,1.0
7173682,6.25,1.0
7174730,6.3,1.0
7175438,6.29,1.0
7175441,6.4,1.0
7175571,6.17,1.0
7177491,6.38,1.0
7178106,6.5,1.0
7180265,6.0,1.0
7180946,6.25,1.0
7182632,6.52,1.0
7183194,6.37,1.0
7183382,6.33,1.0
7184752,6.38,1.0
7186656,6.4,1.0
7186661,6.21,1.0
7188283,6.29,1.0
7188685,6.15,1.0
7189069,6.36,1.0
7191111,6.33,1.0
7193646,6.33,1.0
7193995,6.3,1.0
7194881,6.25,1.0
7194883,6.5,1.0
7197415,6.25,1.0
7200538,6.33,1.0
7202045,6.29,1.0
7205409,6.38,1.0
7206039,6.53,1.0
7208887,6.25,1.0
7209659,6.5,1.0
7211096,6.57,1.0
7212495,6.74,1.0
7212966,6.27,1.0
7213702,6.31,1.0
7213826,6.35,1.0
7214017,6.58,1.0
7214196,6.36,1.0
7214459,6.53,1.0
7214590,6.15,1.0
7215878,6.39,1.0
7217207,6.39,1.0
7218263,6.38,1.0
7218303,6.29,1.0
7218745,6.38,1.0
7218824,6.38,1.0
7220052,6.36,1.0
7221356,6.35,1.0
7221440,6.35,1.0
7221609,6.38,1.0
7221656,6.32,1.0
7223351,6.28,1.0
7224627,6.44,1.0
7226108,6.23,1.0
7226542,6.25,1.0
7226752,6.35,1.0
7227983,6.28,1.0
7228740,6.42,1.0
7228756,6.4,1.0
7229127,6.0,1.0
7231068,6.29,1.0
7231415,6.58,1.0
7231565,6.43,1.0
7231940,6.25,1.0
7232172,6.39,1.0
7232630,6.5,1.0
7233807,6.38,1.0
7235061,6.25,1.0
7235146,6.31,1.0
7236092,6.0,1.0
7236633,6.48,1.0
7238131,6.45,1.0
7238926,6.26,1.0
7239091,6.32,1.0
7239734,6.27,1.0
7240787,6.36,1.0
7241754,6.45,1.0
7241857,6.5,1.0
7241999,6.34,1.0
7242251,6.66,1.0
7244017,6.5,1.0
7245571,6.0,1.0
7246835,6.23,1.0
7246846,6.25,1.0
7247072,6.3,1.0
7247451,6.0,1.0
7248128,6.31,1.0
7249032,6.36,1.0
7250473,6.57,1.0
7253095,6.38,1.0
7253237,6.33,1.0
7254067,6.39,1.0
7254267,6.36,1.0
7254917,6.33,1.0
7255857,6.48,1.0
7256110,6.5,1.0
7256167,6.44,1.0
7258713,6.0,1.0
7259360,6.38,1.0
7260071,6.25,1.0
7261055,6.25,1.0
7262132,6.5,1.0
7263575,6.34,1.0
7264253,6.3,1.0
7264322,6.46,1.0
7266334,6.0,1.0
7266415,6.08,1.0
7266671,6.25,1.0
7267381,6.27,1.0
7267616,6.3,1.0
7268774,6.2,1.0
7268995,6.44,1.0
7269156,6.28,1.0
7270622,6.17,1.0
7271760,6.0,1.0
7272000,6.32,1.0
7272037,6.04,1.0
7274575,6.47,1.0
7275963,6.26,1.0
7277280,6.05,1.0
7281064,6.3,1.0
7282391,6.31,1.0
7282573,6.08,1.0
7282617,6.33,1.0
7283811,6.32,1.0
7286673,6.27,1.0
7286913,6.44,1.0
7287043,6.25,1.0
7287288,6.52,1.0
7287844,6.28,1.0
7290572,6.25,1.0
7290604,6.48,1.0
7291755,6.12,1.0
7292812,6.0,1.0
7296982,6.5,1.0
7297175,6.2,1.0
7299171,6.38,1.0
7300021,6.27,1.0
7300477,6.03,1.0
7302777,6.3,1.0
7304020,6.25,1.0
7304662,6.5,1.0
7309999,6.38,1.0
7311407,6.33,1.0
7316687,6.31,1.0
7317289,6.41,1.0
7320938,6.25,1.0
7322237,6.25,1.0
7337920,6.25,1.0
7337931,6.31,1.0
7338202,6.31,1.0
7357347,6.5,1.0
7357765,6.29,1.0
7359152,6.41,1.0
7359376,6.31,1.0
7359805,6.25,1.0
7365904,6.3,1.0
7366368,6.38,1.0
7367636,6.35,1.0
7372096,6.19,1.0
7372526,6.3,1.0
7372649,6.25,1.0
7374214,6.36,1.0
7376379,6.18,1.0
7380873,6.3,1.0
7390806,6.3,1.0
7393892,6.41,1.0
7396219,6.34,1.0
7396220,6.32,1.0
7397221,6.54,1.0
7399993,6.28,1.0
7405820,6.42,1.0
7408320,6.05,1.0
7408938,6.24,1.0
7409433,6.25,1.0
7409885,6.23,1.0
7409993,6.29,1.0
7414076,6.26,1.0
7415897,6.31,1.0
7416185,6.56,1.0
7419320,6.27,1.0
7431286,6.38,1.0
7431932,6.38,1.0
7432909,6.14,1.0
7434245,6.3,1.0
7434665,6.5,1.0
7435178,6.27,1.0
7437783,6.25,1.0
7437935,6.12,1.0
7447135,6.36,1.0
7451174,6.32,1.0
7452746,6.57,1.0
7452830,6.25,1.0
7453604,6.53,1.0
7454093,6.25,1.0
7454374,6.23,1.0
7456198,6.36,1.0
7458428,6.0,1.0
7462148,6.24,1.0
7462230,6.39,1.0
7462549,6.21,1.0
7463644,6.72,1.0
7464093,6.28,1.0
7464095,6.46,1.0
7466520,6.33,1.0
7466897,6.04,1.0
7467610,6.09,1.0
7482468,6.27,1.0
7482621,6.27,1.0
7483397,6.29,1.0
7485552,6.24,1.0
7486295,6.25,1.0
7489428,6.31,1.0
7489528,6.28,1.0
7494572,6.42,1.0
7494635,6.3,1.0
7496021,6.53,1.0
7509161,6.41,1.0
7509164,6.35,1.0
7517992,6.29,1.0
7520368,6.37,1.0
7528198,6.26,1.0
7536731,6.26,1.0
7540306,6.29,1.0
7543233,6.3,1.0
7543450,6.33,1.0
7543614,6.71,1.0
7546655,6.25,1.0
7546909,6.0,1.0
7551976,6.09,1.0
7554981,6.25,1.0
7557607,6.26,1.0
7559271,6.63,1.0
7562840,6.29,1.0
7563927,6.0,1.0
7565913,6.29,1.0
7570474,6.34,1.0
7570624,6.36,1.0
7576762,6.05,1.0
7580202,6.26,1.0
7580237,6.27,1.0
7581185,6.55,1.0
7581776,6.5,1.0
7582353,6.0,1.0
7582688,6.34,1.0
7583838,6.0,1.0
7583975,6.25,1.0
7586108,6.45,1.0
7586851,6.0,1.0
7587283,6.19,1.0
7588049,6.44,1.0
7589595,6.24,1.0
7593283,6.19,1.0
7594105,6.46,1.0
7594284,6.08,1.0
7594428,6.12,1.0
7594539,6.38,1.0
7595300,6.53,1.0
7595571,6.07,1.0
7598242,6.39,1.0
7601336,6.39,1.0
7604240,6.42,1.0
7609285,6.29,1.0
7612081,6.24,1.0
7616929,6.39,1.0
7618881,6.5,1.0
7619581,6.54,1.0
7620589,6.27,1.0
7620810,6.42,1.0
7622742,6.31,1.0
7623145,6.23,1.0
7623870,6.0,1.0
7624397,6.03,1.0
7628209,6.5,1.0
7628221,6.25,1.0
7632195,6.72,1.0
7635376,6.0,1.0
7638588,6.48,1.0
7639737,6.04,1.0
7640186,6.0,1.0
7641658,6.49,1.0
7642063,6.18,1.0
7643314,6.28,1.0
7643436,6.33,1.0
7643655,6.34,1.0
7644939,6.24,1.0
7646015,6.25,1.0
7647241,6.07,1.0
7649773,6.47,1.0
7652921,6.27,1.0
7653184,6.37,1.0
7656314,6.33,1.0
7656637,6.33,1.0
7657639,6.3,1.0
7658312,6.33,1.0
7659444,6.27,1.0
7659811,6.26,1.0
7660404,6.4,1.0
7662042,4.0,-1.0
7662276,6.4,1.0
7662427,4.27,-1.0
7668171,6.0,1.0
7669287,6.0,1.0
7671106,6.53,1.0
7672723,6.25,1.0
7674647,6.08,1.0
7675982,6.34,1.0
7678634,6.27,1.0
7679194,6.4,1.0
7679556,6.42,1.0
7682638,6.38,1.0
7683061,6.14,1.0
7683074,6.23,1.0
7689531,6.27,1.0
7690075,6.03,1.0
7691594,6.37,1.0
7691934,6.27,1.0
7693875,6.3,1.0
7695552,6.41,1.0
7697914,6.34,1.0
7700017,6.21,1.0
7700712,6.49,1.0
7701373,6.32,1.0
7704351,6.5,1.0
7708451,6.32,1.0
7708567,6.29,1.0
7710214,6.35,1.0
7712611,6.29,1.0
7714889,6.26,1.0
7715616,6.13,1.0
7716711,6.14,1.0
7716975,6.38,1.0
7720432,6.29,1.0
7724092,6.16,1.0
7731397,6.25,1.0
7733337,3.67,-1.0
7735536,6.14,1.0
7736527,6.25,1.0
7737193,6.27,1.0
7739137,6.33,1.0
7739715,6.03,1.0
7741112,6.65,1.0
7742027,6.25,1.0
7742338,6.33,1.0
7742432,6.37,1.0
7747953,6.5,1.0
7753056,6.47,1.0
7754978,6.0,1.0
7755371,6.45,1.0
7761291,6.0,1.0
7761856,6.31,1.0
7765805,6.0,1.0
7767234,6.0,1.0
7769474,6.29,1.0
7776522,6.29,1.0
7777253,6.25,1.0
7781957,6.42,1.0
7786194,6.0,1.0
7804211,6.46,1.0
7805562,6.23,1.0
7809671,6.0,1.0
7810022,6.17,1.0
7811431,6.23,1.0
7811501,6.32,1.0
7811506,6.43,1.0
7811756,6.33,1.0
7813927,6.33,1.0
7814894,6.29,1.0
7816844,6.5,1.0
7817813,6.14,1.0
7818298,6.0,1.0
7819082,6.03,1.0
7819386,6.31,1.0
7820206,6.25,1.0
7820222,6.5,1.0
7820235,6.46,1.0
7820278,6.19,1.0
7820479,6.3,1.0
7821417,6.33,1.0
7821652,6.47,1.0
7822938,6.37,1.0
7823466,6.44,1.0
7823592,6.29,1.0
7825318,6.3,1.0
7825584,6.63,1.0
7825689,6.55,1.0
7829803,6.43,1.0
7829938,3.6,-1.0
7830869,6.23,1.0
7832129,6.11,1.0
7832168,6.3,1.0
7834159,6.28,1.0
7834702,6.33,1.0
7837592,6.0,1.0
7837639,6.45,1.0
7837895,6.32,1.0
7838865,6.34,1.0
7842157,6.47,1.0
7845941,6.35,1.0
7846123,6.42,1.0
7847234,6.25,1.0
7849845,6.33,1.0
7850331,6.25,1.0
7855257,6.25,1.0
7855771,6.45,1.0
7864264,6.41,1.0
7864271,6.38,1.0
7867152,6.35,1.0
7870555,6.28,1.0
7878414,6.38,1.0
7882101,6.58,1.0
7893633,6.28,1.0
7894612,6.31,1.0
7900450,6.44,1.0
7901785,6.3,1.0
7908232,6.28,1.0
7915257,6.27,1.0
7918155,6.28,1.0
7918359,6.52,1.0
7926683,6.27,1.0
7932346,4.25,-1.0
7932834,6.52,1.0
7938200,6.41,1.0
7939611,6.0,1.0
7939995,6.46,1.0
7940576,6.28,1.0
7944471,6.25,1.0
7946331,6.35,1.0
7954493,6.27,1.0
7955077,6.32,1.0
7955796,6.37,1.0
7958151,6.32,1.0
7967852,6.3,1.0
7968258,6.38,1.0
7969596,6.33,1.0
7974575,6.4,1.0
7974631,6.0,1.0
7976315,6.37,1.0
7980931,6.0,1.0
7981714,6.4,1.0
7983112,6.05,1.0
7989554,6.25,1.0
7993261,6.27,1.0
7993751,6.0,1.0
7999911,6.47,1.0
8001149,6.35,1.0
8005631,6.55,1.0
8008374,6.25,1.0
8008872,6.27,1.0
8010547,6.17,1.0
8011861,6.25,1.0
8013853,6.35,1.0
8014096,6.28,1.0
8015417,6.32,1.0
8022491,6.27,1.0
8025419,6.32,1.0
8026797,6.37,1.0
8028000,6.36,1.0
8032852,6.27,1.0
8033703,6.09,1.0
8037218,6.29,1.0
8037738,6.29,1.0
8038332,6.5,1.0
8039056,6.28,1.0
8039534,6.3,1.0
8040452,6.63,1.0
8043334,6.46,1.0
8043437,6.27,1.0
8045451,6.26,1.0
8047033,6.25,1.0
8051919,6.27,1.0
8052520,6.33,1.0
8053332,6.38,1.0
8055275,6.1,1.0
8056413,6.04,1.0
8059659,6.0,1.0
8064953,6.39,1.0
8065612,6.33,1.0
8070446,6.34,1.0
8070687,6.23,1.0
8071328,6.0,1.0
8071352,6.26,1.0
8077623,6.6,1.0
8103162,6.47,1.0
8107464,6.33,1.0
8108178,6.09,1.0
8112675,6.5,1.0
8112872,6.58,1.0
8114398,6.36,1.0
8115471,6.31,1.0
8118672,6.4,1.0
8119777,6.46,1.0
8120266,6.08,1.0
8120671,6.29,1.0
8120773,6.5,1.0
8121153,6.23,1.0
8125171,6.5,1.0
8128433,6.34,1.0
8129634,6.11,1.0
8131280,6.65,1.0
8132732,6.56,1.0
8137192,6.45,1.0
8140318,6.38,1.0
8141773,6.52,1.0
8142608,6.4,1.0
8143195,6.29,1.0
8144816,6.28,1.0
8144865,6.25,1.0
8145134,4.18,-1.0
8148059,6.25,1.0
8148767,6.3,1.0
8150212,6.42,1.0
8150780,6.27,1.0
8159009,6.46,1.0
8160514,6.31,1.0
8162587,6.42,1.0
8162757,6.17,1.0
8163138,6.25,1.0
8163256,6.24,1.0
8165592,6.37,1.0
8165795,6.26,1.0
8169012,6.51,1.0
8169451,6.33,1.0
8172597,6.34,1.0
8173032,6.51,1.0
8173174,6.5,1.0
8173183,6.27,1.0
8173992,6.28,1.0
8175835,6.28,1.0
8178611,6.03,1.0
8178739,6.29,1.0
8183556,6.28,1.0
8183882,6.24,1.0
8187053,6.0,1.0
8198185,6.44,1.0
8198915,6.31,1.0
8199512,6.39,1.0
8199551,6.58,1.0
8204178,6.54,1.0
8206540,6.45,1.0
8211081,6.4,1.0
8212450,6.33,1.0
8213118,6.72,1.0
8214232,6.19,1.0
8217196,6.28,1.0
8219713,6.44,1.0
8220654,6.35,1.0
8220813,6.5,1.0
8224252,6.17,1.0
8227492,6.33,1.0
8232956,6.37,1.0
8246712,6.36,1.0
8253034,6.41,1.0
8254075,6.35,1.0
8254254,6.3,1.0
8255412,6.0,1.0
8255508,6.57,1.0
8255632,6.33,1.0
8255663,6.5,1.0
8255754,6.29,1.0
8256988,6.33,1.0
8258013,6.25,1.0
8261493,6.39,1.0
8265593,6.49,1.0
8266292,6.15,1.0
8267111,6.25,1.0
8269692,6.28,1.0
8270033,6.37,1.0
8271479,6.25,1.0
8272160,6.12,1.0
8275812,6.37,1.0
8275852,6.33,1.0
8276718,6.58,1.0
8281816,6.11,1.0
8281837,6.32,1.0
8281862,6.63,1.0
8284805,6.6,1.0
8288857,6.27,1.0
8289231,6.38,1.0
8289783,6.33,1.0
8290342,6.25,1.0
8293191,6.6,1.0
8297451,6.44,1.0
8298694,6.25,1.0
8299733,6.28,1.0
8304714,4.2,-1.0
8306140,6.54,1.0
8307219,6.24,1.0
8310272,6.31,1.0
8310472,6.29,1.0
8315289,6.5,1.0
8315712,6.21,1.0
8316333,6.25,1.0
8320352,6.28,1.0
8324784,6.55,1.0
8325792,6.33,1.0
8326016,6.58,1.0
8326095,6.33,1.0
8326452,6.3,1.0
8327934,6.61,1.0
8328151,6.5,1.0
8329616,6.36,1.0
8329695,6.29,1.0
8334012,6.2,1.0
8334855,6.29,1.0
8335737,6.43,1.0
8336812,6.5,1.0
8336818,6.45,1.0
8337534,6.44,1.0
8342045,6.38,1.0
8343597,6.29,1.0
8344743,6.36,1.0
8344903,6.37,1.0
8345008,6.45,1.0
8345248,3.83,-1.0
8345594,6.37,1.0
8346018,6.04,1.0
8347648,6.25,1.0
8348239,6.23,1.0
8348299,6.33,1.0
8348340,6.31,1.0
8349011,6.44,1.0
8350583,6.3,1.0
8350585,6.26,1.0
8351282,6.44,1.0
8352185,6.33,1.0
8353975,6.29,1.0
8354520,6.34,1.0
8355878,6.25,1.0
8356313,6.44,1.0
8361722,6.45,1.0
8362603,6.0,1.0
8365075,6.18,1.0
8365329,6.16,1.0
8367854,6.61,1.0
8368266,6.02,1.0
8368712,6.42,1.0
8377345,6.34,1.0
8383612,6.46,1.0
8384375,6.33,1.0
8388068,6.33,1.0
8390694,6.34,1.0
8390764,6.42,1.0
8396358,6.31,1.0
8397271,6.15,1.0
8399658,6.25,1.0
8400095,6.62,1.0
8400119,6.11,1.0
8401861,6.32,1.0
8405571,6.12,1.0
8408075,6.24,1.0
8411370,6.43,1.0
8413927,6.0,1.0
8414254,6.26,1.0
8414939,6.05,1.0
8417455,6.33,1.0
8426546,6.28,1.0
8430798,6.28,1.0
8436355,6.32,1.0
8440534,6.22,1.0
8447339,6.25,1.0
8447964,6.37,1.0
8449154,6.27,1.0
8453477,6.09,1.0
8453481,6.34,1.0
8456231,6.27,1.0
8456939,6.52,1.0
8457858,6.32,1.0
8465174,6.3,1.0
8465804,6.47,1.0
8467818,6.66,1.0
8475296,6.28,1.0
8475926,6.39,1.0
8476546,6.48,1.0
8480279,6.32,1.0
8480440,6.4,1.0
8481590,6.27,1.0
8481772,6.35,1.0
8481785,6.3,1.0
8482180,6.05,1.0
8482758,6.24,1.0
8484136,6.42,1.0
8484288,6.24,1.0
8484325,6.49,1.0
8484486,6.27,1.0
8485072,6.5,1.0
8486314,6.05,1.0
8487790,6.0,1.0
8488302,6.33,1.0
8489502,6.07,1.0
8491650,6.2,1.0
8491731,6.25,1.0
8492021,6.37,1.0
8493198,6.28,1.0
8495964,6.25,1.0
8497664,6.38,1.0
8501938,6.04,1.0
8502051,6.27,1.0
8502055,6.46,1.0
8502395,6.24,1.0
8502981,6.44,1.0
8503572,6.42,1.0
8503703,6.46,1.0
8504639,6.34,1.0
8505474,6.33,1.0
8505476,6.34,1.0
8505612,6.31,1.0
8510479,6.42,1.0
8523532,6.19,1.0
8525296,6.46,1.0
8525931,6.0,1.0
8530336,6.24,1.0
8533616,6.58,1.0
8534368,6.38,1.0
8534375,6.27,1.0
8537590,6.32,1.0
8539995,6.29,1.0
8541912,6.24,1.0
8542366,6.25,1.0
8546540,6.46,1.0
8548759,6.05,1.0
8551926,6.0,1.0
8552069,6.38,1.0
8555090,6.04,1.0
8555610,6.13,1.0
8556312,6.29,1.0
8556453,6.38,1.0
8556773,6.27,1.0
8557652,6.0,1.0
8558141,6.0,1.0
8559831,6.0,1.0
8562513,6.34,1.0
8563483,6.0,1.0
8563549,6.17,1.0
8563571,6.12,1.0
8565027,6.39,1.0
8568079,6.29,1.0
8568194,6.4,1.0
8573092,6.31,1.0
8573133,6.5,1.0
8575832,6.32,1.0
8577470,6.52,1.0
8579737,6.36,1.0
8579898,6.43,1.0
8579905,6.59,1.0
8580076,6.08,1.0
8580148,6.36,1.0
8580436,6.48,1.0
8581897,6.22,1.0
8583036,6.38,1.0
8584746,6.28,1.0
8584835,6.29,1.0
8586527,6.6,1.0
8587932,6.43,1.0
8589357,6.61,1.0
8589828,6.26,1.0
8590511,6.24,1.0
8593043,6.08,1.0
8593341,6.25,1.0
8593595,6.28,1.0
8593818,6.62,1.0
8596419,6.28,1.0
8598969,6.3,1.0
8601053,6.29,1.0
8601174,6.5,1.0
8604479,6.25,1.0
8615423,6.28,1.0
8615501,6.25,1.0
8617479,6.21,1.0
8625652,4.13,-1.0
8627776,6.49,1.0
8641996,6.7,1.0
8642002,6.1,1.0
8642107,6.13,1.0
8643745,6.36,1.0
8644056,6.38,1.0
8651550,6.0,1.0
8652118,6.27,1.0
8653302,6.58,1.0
8656123,6.34,1.0
8656444,6.31,1.0
8656672,6.42,1.0
8663255,6.37,1.0
8664671,6.37,1.0
8664831,6.34,1.0
8665354,6.32,1.0
8665371,6.3,1.0
8666392,6.54,1.0
8666438,6.25,1.0
8668931,6.27,1.0
8669253,6.58,1.0
8669694,6.39,1.0
8670767,6.47,1.0
8671369,6.28,1.0
8671515,6.33,1.0
8673453,6.24,1.0
8675093,6.33,1.0
8676156,6.23,1.0
8676539,6.3,1.0
8682893,6.25,1.0
8684451,6.36,1.0
8686063,6.54,1.0
8686932,6.47,1.0
8691212,6.37,1.0
8691772,6.28,1.0
8692130,6.0,1.0
8695103,6.39,1.0
8696702,4.2,-1.0
8704177,6.28,1.0
8704491,6.59,1.0
8705611,6.36,1.0
8707322,4.2,-1.0
8707771,6.25,1.0
8709691,6.44,1.0
8710133,6.2,1.0
8710773,6.38,1.0
8710892,6.63,1.0
8715133,6.23,1.0
8718231,6.38,1.0
8719661,6.0,1.0
8730484,6.31,1.0
8736613,6.29,1.0
8743192,6.03,1.0
8752593,6.31,1.0
8755233,6.4,1.0
8765011,6.07,1.0
8765993,6.41,1.0
8769751,6.58,1.0
8772213,6.66,1.0
8772579,6.37,1.0
8780534,6.66,1.0
8791731,6.08,1.0
8794253,6.11,1.0
8812052,6.36,1.0
8819056,6.25,1.0
8821733,6.24,1.0
8830771,6.25,1.0
8830931,6.31,1.0
8834533,6.32,1.0
8836323,6.26,1.0
8837631,6.41,1.0
8840601,4.25,-1.0
8842311,6.48,1.0
8846163,4.0,-1.0
8847011,6.36,1.0
8849716,6.3,1.0
8850499,6.04,1.0
8853174,6.26,1.0
8853637,6.67,1.0
8854994,6.0,1.0
8876191,6.2,1.0
8876393,6.04,1.0
8890074,6.09,1.0
8890332,6.1,1.0
8892792,6.23,1.0
8893891,6.39,1.0
8894352,6.15,1.0
8895514,6.27,1.0
8896440,6.32,1.0
8901598,6.36,1.0
8906934,6.0,1.0
8914402,6.27,1.0
8928052,6.27,1.0
8931632,6.04,1.0
8932872,6.3,1.0
8945045,6.46,1.0
8950300,4.17,-1.0
8956471,6.43,1.0
8958051,6.23,1.0
8958434,6.17,1.0
8965696,6.26,1.0
8970196,6.43,1.0
8971195,6.25,1.0
8976111,6.25,1.0
8992860,6.39,1.0
8992934,6.36,1.0
8993291,6.4,1.0
8994621,6.48,1.0
8996155,6.42,1.0
9002811,6.29,1.0
9014894,6.23,1.0
9016136,6.06,1.0
9020251,6.3,1.0
9022034,6.66,1.0
9023371,6.29,1.0
9023392,6.36,1.0
9024074,6.38,1.0
9024139,6.59,1.0
9024235,6.55,1.0
9032978,6.33,1.0
9034121,6.17,1.0
9044323,6.41,1.0
9049263,6.19,1.0
9052631,6.03,1.0
9059554,6.47,1.0
9060463,6.45,1.0
9062012,6.0,1.0
9069573,6.44,1.0
9073554,6.27,1.0
9074401,6.45,1.0
9089093,6.61,1.0
9098933,6.21,1.0
9100227,6.26,1.0
9105898,6.31,1.0
9113532,6.29,1.0
9113856,6.3,1.0
9117496,6.29,1.0
9118035,6.19,1.0
9120659,6.25,1.0
9122131,6.33,1.0
9123448,6.38,1.0
9123532,6.35,1.0
9125258,6.34,1.0
9128074,6.29,1.0
9128712,6.48,1.0
9130921,6.39,1.0
9131933,6.25,1.0
9141232,6.56,1.0
9149462,6.05,1.0
9156713,6.33,1.0
9158929,6.3,1.0
9162552,6.36,1.0
9164515,6.0,1.0
9164782,6.39,1.0
9165474,6.32,1.0
9170591,3.57,-1.0
9171414,6.14,1.0
9172152,6.44,1.0
9181794,6.24,1.0
9187000,6.38,1.0
9189719,6.3,1.0
9194912,6.38,1.0
9197445,6.39,1.0
9208324,6.29,1.0
9213639,6.1,1.0
9214939,6.0,1.0
9216030,6.25,1.0
9217732,6.0,1.0
9221091,6.0,1.0
9223471,6.27,1.0
9224558,6.15,1.0
9228979,3.86,-1.0
9230214,6.36,1.0
9239046,6.12,1.0
9241551,6.25,1.0
9245264,6.54,1.0
9247833,6.25,1.0
9248541,6.38,1.0
9250592,6.36,1.0
9255415,6.46,1.0
9256673,6.29,1.0
9261213,6.05,1.0
9261530,6.29,1.0
9267098,6.25,1.0
9268693,6.31,1.0
9272614,6.35,1.0
9277166,6.29,1.0
9277466,6.04,1.0
9282394,6.58,1.0
9286233,6.36,1.0
9292404,6.28,1.0
9294760,6.29,1.0
9299938,6.35,1.0
9302644,6.45,1.0
9308902,6.32,1.0
9315034,6.37,1.0
9319022,6.38,1.0
9323351,6.1,1.0
9327011,6.33,1.0
9342789,6.56,1.0
9348236,6.0,1.0
9351061,6.51,1.0
9354038,6.24,1.0
9356034,6.18,1.0
9356298,6.13,1.0
9359153,6.02,1.0
9362693,6.02,1.0
9363671,6.7,1.0
9368537,6.0,1.0
9373113,6.25,1.0
9374734,6.0,1.0
9379089,6.31,1.0
9388492,6.25,1.0
9392395,6.36,1.0
9393540,6.03,1.0
9396904,6.33,1.0
9398204,6.04,1.0
9401060,6.34,1.0
9403194,6.27,1.0
9407819,6.27,1.0
9408436,6.12,1.0
9412231,6.26,1.0
9424232,6.11,1.0
9428032,6.15,1.0
9431437,6.26,1.0
9431457,6.39,1.0
9435053,6.4,1.0
9435610,6.3,1.0
9441529,6.39,1.0
9441656,6.33,1.0
9454151,6.42,1.0
9454251,6.31,1.0
9469017,6.3,1.0
9474480,6.17,1.0
9480076,6.31,1.0
9480078,6.0,1.0
9481956,6.04,1.0
9482532,6.31,1.0
9484784,6.6,1.0
9484825,6.41,1.0
9487319,6.67,1.0
9498624,6.0,1.0
9507871,6.03,1.0
9508716,6.12,1.0
9511375,6.38,1.0
9525671,6.14,1.0
9525906,6.3,1.0
9525944,6.28,1.0
9531238,6.13,1.0
9534092,6.29,1.0
9535015,6.28,1.0
9540532,6.08,1.0
9542371,6.14,1.0
9543431,6.0,1.0
9546998,6.0,1.0
9554460,6.19,1.0
9563503,6.17,1.0
9564714,6.14,1.0
9569378,6.0,1.0
9571838,6.07,1.0
9571861,6.0,1.0
9572632,6.42,1.0
9572651,6.45,1.0
9573304,6.05,1.0
9573916,6.29,1.0
9578338,6.04,1.0
9579692,6.69,1.0
9587497,6.05,1.0
9590973,6.5,1.0
9603474,3.29,-1.0
9619036,6.47,1.0
9626293,6.36,1.0
9627652,6.33,1.0
9630571,6.34,1.0
9635376,6.25,1.0
9640180,6.3,1.0
9641271,6.57,1.0
9644031,6.28,1.0
9648792,6.5,1.0
9650586,6.3,1.0
9661693,6.1,1.0
9662759,6.25,1.0
9666134,6.27,1.0
9667645,6.4,1.0
9667690,6.23,1.0
9670073,6.33,1.0
9673024,6.5,1.0
9673611,6.46,1.0
9678711,6.37,1.0
9681852,6.33,1.0
9687023,6.7,1.0
9687599,6.25,1.0
9690138,6.39,1.0
9693552,6.25,1.0
9699531,6.2,1.0
9701757,3.88,-1.0
9701764,3.9,-1.0
9702334,6.31,1.0
9703668,6.36,1.0
9705491,6.29,1.0
9706631,6.23,1.0
9709171,6.5,1.0
9711287,6.32,1.0
9715272,6.31,1.0
9717794,6.47,1.0
9718853,6.36,1.0
9719173,6.13,1.0
9722340,6.0,1.0
9722471,6.31,1.0
9722501,6.19,1.0
9723160,6.03,1.0
9731396,6.0,1.0
9733873,6.11,1.0
9734291,6.29,1.0
9735391,6.33,1.0
9739321,6.28,1.0
9742006,6.34,1.0
9744736,6.53,1.0
9745931,6.29,1.0
9746343,6.46,1.0
9751319,6.44,1.0
9753571,6.42,1.0
9757332,6.26,1.0
9758272,6.61,1.0
9758457,6.28,1.0
9765187,6.58,1.0
9766312,6.31,1.0
9768764,6.29,1.0
9771492,6.39,1.0
9771812,6.29,1.0
9772331,6.25,1.0
9772872,6.25,1.0
9774452,6.27,1.0
9775941,6.38,1.0
9776711,6.4,1.0
9777602,6.34,1.0
9777653,6.61,1.0
9778155,6.4,1.0
9778191,6.0,1.0
9783663,6.24,1.0
9785013,6.43,1.0
9795257,6.59,1.0
9795434,6.23,1.0
9795762,6.02,1.0
9799398,6.32,1.0
9800213,6.31,1.0
9800320,6.18,1.0
9801994,6.41,1.0
9802776,6.35,1.0
9804824,6.35,1.0
9817112,6.47,1.0
9817412,6.41,1.0
9819272,6.25,1.0
9821546,6.46,1.0
9821638,6.27,1.0
9823491,6.52,1.0
9824395,6.35,1.0
9825631,6.45,1.0
9832384,6.17,1.0
9833105,6.37,1.0
9833948,6.36,1.0
9835013,6.22,1.0
9835104,6.71,1.0
9836012,3.91,-1.0
9836328,6.17,1.0
9836394,6.29,1.0
9837853,6.04,1.0
9838718,6.29,1.0
9840258,6.39,1.0
9840290,6.39,1.0
9841215,6.36,1.0
9841845,6.25,1.0
9842406,6.4,1.0
9844814,6.18,1.0
9845117,6.45,1.0
9845654,6.33,1.0
9845697,6.38,1.0
9845968,6.17,1.0
9847301,6.39,1.0
9849997,6.54,1.0
9851031,6.06,1.0
9852034,6.22,1.0
9852934,6.57,1.0
9853023,6.33,1.0
9853091,6.73,1.0
9853490,6.42,1.0
9854498,6.29,1.0
9854958,6.48,1.0
9855157,6.36,1.0
9855176,6.27,1.0
9858492,6.33,1.0
9859695,6.31,1.0
9860168,6.27,1.0
9860172,6.42,1.0
9860215,6.38,1.0
9861589,6.5,1.0
9862023,6.63,1.0
9863155,6.35,1.0
9863726,6.3,1.0
9864391,6.53,1.0
9864771,6.27,1.0
9865764,6.28,1.0
9869352,6.38,1.0
9869431,6.36,1.0
9870936,6.36,1.0
9872327,6.28,1.0
9873942,6.38,1.0
9875832,6.03,1.0
9877843,6.33,1.0
9878981,6.04,1.0
9883691,6.35,1.0
9883895,6.46,1.0
9884756,6.4,1.0
9884980,6.18,1.0
9885598,6.78,1.0
9888357,6.2,1.0
9888632,6.27,1.0
9893598,6.29,1.0
9898007,6.47,1.0
9899239,6.36,1.0
9904431,6.44,1.0
9912618,4.0,-1.0
9920091,6.46,1.0
9922717,6.38,1.0
9924137,6.23,1.0
9931072,6.62,1.0
9931172,6.28,1.0
9933741,6.39,1.0
9935991,6.58,1.0
9937595,6.52,1.0
9938215,6.68,1.0
9947411,6.29,1.0
9949772,6.27,1.0
9959871,6.51,1.0
9966333,6.5,1.0
9970333,6.36,1.0
9973292,6.31,1.0
9973937,6.58,1.0
9976871,6.03,1.0
9980056,6.24,1.0
9980155,6.42,1.0
9984491,6.36,1.0
9985312,6.06,1.0
9988158,6.3,1.0
